球队,中文名,英文名,号码,位置,身高,体重,球龄,img_url
骑士,德安德烈-亨特,De'Andre Hunter,12,前锋/后卫,203,100,5,C:/Users/13630/Desktop/信息检索课程设计/nba_all_players/骑士_德安德烈-亨特.png
骑士,埃文-莫布利,Evan Mobley,4,中锋,211,98,3,C:/Users/13630/Desktop/信息检索课程设计/nba_all_players/骑士_埃文-莫布利.png
骑士,达柳斯-加兰,Darius Garland,10,后卫,185,87,5,C:/Users/13630/Desktop/信息检索课程设计/nba_all_players/骑士_达柳斯-加兰.png
骑士,贾文特-格林,Javonte Green,8,后卫,196,93,5,C:/Users/13630/Desktop/信息检索课程设计/nba_all_players/骑士_贾文特-格林.png
骑士,特里斯坦-汤普森,Tristan Thompson,13,中锋/前锋,206,115,13,C:/Users/13630/Desktop/信息检索课程设计/nba_all_players/骑士_特里斯坦-汤普森.png
骑士,迪恩-韦德,Dean Wade,32,前锋/中锋,206,103,5,C:/Users/13630/Desktop/信息检索课程设计/nba_all_players/骑士_迪恩-韦德.png
骑士,杰伦-泰森,Jaylon Tyson,24,后卫/前锋,198,98,-,C:/Users/13630/Desktop/信息检索课程设计/nba_all_players/骑士_杰伦-泰森.png
骑士,艾萨克・奥科罗,Isaac Okoro,35,前锋/后卫,196,102,4,C:/Users/13630/Desktop/信息检索课程设计/nba_all_players/骑士_艾萨克・奥科罗.png
骑士,马克斯-斯特鲁斯,Max Strus,1,后卫/前锋,196,98,5,C:/Users/13630/Desktop/信息检索课程设计/nba_all_players/骑士_马克斯-斯特鲁斯.png
骑士,克雷格-波特,Craig Porter Jr.,9,后卫,185,82,1,C:/Users/13630/Desktop/信息检索课程设计/nba_all_players/骑士_克雷格-波特.png
骑士,贾勒特-艾伦,Jarrett Allen,31,中锋,206,110,7,C:/Users/13630/Desktop/信息检索课程设计/nba_all_players/骑士_贾勒特-艾伦.png
骑士,泰・杰洛姆,Ty Jerome,2,后卫/前锋,196,88,5,C:/Users/13630/Desktop/信息检索课程设计/nba_all_players/骑士_泰・杰洛姆.png
骑士,多诺万-米切尔,Donovan Mitchell,45,后卫,191,98,7,C:/Users/13630/Desktop/信息检索课程设计/nba_all_players/骑士_多诺万-米切尔.png
骑士,伊莫尼-贝茨,Emoni Bates,21,前锋,203,92,1,C:/Users/13630/Desktop/信息检索课程设计/nba_all_players/骑士_伊莫尼-贝茨.png
骑士,内匡-汤姆林,Nae'Qwan Tomlin,30,前锋,208,95,-,C:/Users/13630/Desktop/信息检索课程设计/nba_all_players/骑士_内匡-汤姆林.png
骑士,萨姆・梅里尔,Sam Merrill,5,后卫,193,93,4,C:/Users/13630/Desktop/信息检索课程设计/nba_all_players/骑士_萨姆・梅里尔.png
凯尔特人,乔丹-沃尔什,Jordan Walsh,27,后卫,198,93,1,C:/Users/13630/Desktop/信息检索课程设计/nba_all_players/凯尔特人_乔丹-沃尔什.png
凯尔特人,朱-霍勒迪,Jrue Holiday,4,后卫,193,93,15,C:/Users/13630/Desktop/信息检索课程设计/nba_all_players/凯尔特人_朱-霍勒迪.png
凯尔特人,卢克-科内特,Luke Kornet,40,中锋/前锋,216,113,7,C:/Users/13630/Desktop/信息检索课程设计/nba_all_players/凯尔特人_卢克-科内特.png
凯尔特人,萨姆-豪瑟,Sam Hauser,30,前锋,201,98,3,C:/Users/13630/Desktop/信息检索课程设计/nba_all_players/凯尔特人_萨姆-豪瑟.png
凯尔特人,克里斯塔普斯-波尔津吉斯,Kristaps Porzi??is,8,前锋/中锋,218,109,8,C:/Users/13630/Desktop/信息检索课程设计/nba_all_players/凯尔特人_克里斯塔普斯-波尔津吉斯.png
凯尔特人,贝勒-沙伊尔曼,Baylor Scheierman,55,后卫,198,93,-,C:/Users/13630/Desktop/信息检索课程设计/nba_all_players/凯尔特人_贝勒-沙伊尔曼.png
凯尔特人,杰森-塔图姆,Jayson Tatum,-,前锋/后卫,203,95,7,C:/Users/13630/Desktop/信息检索课程设计/nba_all_players/凯尔特人_杰森-塔图姆.png
凯尔特人,佩顿-普里查德,Payton Pritchard,11,后卫,185,88,4,C:/Users/13630/Desktop/信息检索课程设计/nba_all_players/凯尔特人_佩顿-普里查德.png
凯尔特人,J.D. 戴维森,JD Davison,20,后卫,185,88,2,C:/Users/13630/Desktop/信息检索课程设计/nba_all_players/凯尔特人_J.D. 戴维森.png
凯尔特人,德里克-怀特,Derrick White,9,后卫,193,86,7,C:/Users/13630/Desktop/信息检索课程设计/nba_all_players/凯尔特人_德里克-怀特.png
凯尔特人,艾尔-霍福德,Al Horford,42,中锋/前锋,206,109,17,C:/Users/13630/Desktop/信息检索课程设计/nba_all_players/凯尔特人_艾尔-霍福德.png
凯尔特人,尼米亚斯-凯塔,Neemias Queta,88,中锋,213,112,3,C:/Users/13630/Desktop/信息检索课程设计/nba_all_players/凯尔特人_尼米亚斯-凯塔.png
凯尔特人,泽维尔-蒂尔曼,Xavier Tillman,26,前锋,201,111,4,C:/Users/13630/Desktop/信息检索课程设计/nba_all_players/凯尔特人_泽维尔-蒂尔曼.png
凯尔特人,杰伦-布朗,Jaylen Brown,7,后卫/前锋,198,101,8,C:/Users/13630/Desktop/信息检索课程设计/nba_all_players/凯尔特人_杰伦-布朗.png
凯尔特人,托里-克雷格,Torrey Craig,12,前锋,196,100,7,C:/Users/13630/Desktop/信息检索课程设计/nba_all_players/凯尔特人_托里-克雷格.png
凯尔特人,德鲁-彼得森,Drew Peterson,13,前锋,206,93,1,C:/Users/13630/Desktop/信息检索课程设计/nba_all_players/凯尔特人_德鲁-彼得森.png
凯尔特人,迈尔斯-诺里斯,Miles Norris,-,前锋,201,100,-,C:/Users/13630/Desktop/信息检索课程设计/nba_all_players/凯尔特人_迈尔斯-诺里斯.png
尼克斯,迈尔斯-麦克布莱德,Miles McBride,2,后卫,185,88,3,C:/Users/13630/Desktop/信息检索课程设计/nba_all_players/尼克斯_迈尔斯-麦克布莱德.png
尼克斯,帕科姆-达迪耶,Pac?me Dadiet,4,前锋,203,95,-,C:/Users/13630/Desktop/信息检索课程设计/nba_all_players/尼克斯_帕科姆-达迪耶.png
尼克斯,米切尔-罗宾逊,Mitchell Robinson,23,中锋/前锋,213,109,6,C:/Users/13630/Desktop/信息检索课程设计/nba_all_players/尼克斯_米切尔-罗宾逊.png
尼克斯,小凯文-麦卡勒,Kevin McCullar Jr.,9,后卫,198,95,-,C:/Users/13630/Desktop/信息检索课程设计/nba_all_players/尼克斯_小凯文-麦卡勒.png
尼克斯,德朗-赖特,Delon Wright,-,后卫,196,84,9,C:/Users/13630/Desktop/信息检索课程设计/nba_all_players/尼克斯_德朗-赖特.png
尼克斯,兰德里-沙梅特,Landry Shamet,44,后卫,193,86,6,C:/Users/13630/Desktop/信息检索课程设计/nba_all_players/尼克斯_兰德里-沙梅特.png
尼克斯,杰伦-布伦森,Jalen Brunson,11,后卫,188,86,6,C:/Users/13630/Desktop/信息检索课程设计/nba_all_players/尼克斯_杰伦-布伦森.png
尼克斯,马洪-博尚,MarJon Beauchamp,-,前锋,201,90,2,C:/Users/13630/Desktop/信息检索课程设计/nba_all_players/尼克斯_马洪-博尚.png
尼克斯,OG-阿奴诺比,OG Anunoby,8,前锋/后卫,201,109,7,C:/Users/13630/Desktop/信息检索课程设计/nba_all_players/尼克斯_OG-阿奴诺比.png
尼克斯,普雷舍斯-阿丘瓦,Precious Achiuwa,5,前锋,203,110,4,C:/Users/13630/Desktop/信息检索课程设计/nba_all_players/尼克斯_普雷舍斯-阿丘瓦.png
尼克斯,卡梅伦-佩恩,Cameron Payne,1,后卫,191,83,9,C:/Users/13630/Desktop/信息检索课程设计/nba_all_players/尼克斯_卡梅伦-佩恩.png
尼克斯,PJ-塔克,P.J. Tucker,-,前锋,196,111,13,C:/Users/13630/Desktop/信息检索课程设计/nba_all_players/尼克斯_PJ-塔克.png
尼克斯,泰勒-科勒克,Tyler Kolek,13,后卫,191,88,-,C:/Users/13630/Desktop/信息检索课程设计/nba_all_players/尼克斯_泰勒-科勒克.png
尼克斯,约什-哈特,Josh Hart,3,后卫,193,98,7,C:/Users/13630/Desktop/信息检索课程设计/nba_all_players/尼克斯_约什-哈特.png
尼克斯,卡尔-安东尼-唐斯,Karl-Anthony Towns,32,中锋/前锋,213,112,9,C:/Users/13630/Desktop/信息检索课程设计/nba_all_players/尼克斯_卡尔-安东尼-唐斯.png
尼克斯,安东-沃特森,Anton Watson,28,前锋,203,102,-,C:/Users/13630/Desktop/信息检索课程设计/nba_all_players/尼克斯_安东-沃特森.png
尼克斯,米卡尔-布里奇斯,Mikal Bridges,25,后卫/前锋,198,95,6,C:/Users/13630/Desktop/信息检索课程设计/nba_all_players/尼克斯_米卡尔-布里奇斯.png
尼克斯,阿里尔-胡克波尔蒂,Ariel Hukporti,55,中锋,211,112,-,C:/Users/13630/Desktop/信息检索课程设计/nba_all_players/尼克斯_阿里尔-胡克波尔蒂.png
步行者,迈尔斯-特纳,Myles Turner,33,中锋/前锋,211,113,9,C:/Users/13630/Desktop/信息检索课程设计/nba_all_players/步行者_迈尔斯-特纳.png
步行者,托尼-布拉德利,Tony Bradley,13,中锋/前锋,211,112,6,C:/Users/13630/Desktop/信息检索课程设计/nba_all_players/步行者_托尼-布拉德利.png
步行者,约翰尼-弗菲,Johnny Furphy,12,后卫,206,91,-,C:/Users/13630/Desktop/信息检索课程设计/nba_all_players/步行者_约翰尼-弗菲.png
步行者,詹姆斯-约翰逊,James Johnson,16,前锋,201,109,15,C:/Users/13630/Desktop/信息检索课程设计/nba_all_players/步行者_詹姆斯-约翰逊.png
步行者,帕斯卡尔-西亚卡姆,Pascal Siakam,43,前锋,203,111,8,C:/Users/13630/Desktop/信息检索课程设计/nba_all_players/步行者_帕斯卡尔-西亚卡姆.png
步行者,泰雷塞-哈利伯顿,Tyrese Haliburton,-,后卫,196,84,4,C:/Users/13630/Desktop/信息检索课程设计/nba_all_players/步行者_泰雷塞-哈利伯顿.png
步行者,阿龙-内史密斯,Aaron Nesmith,23,后卫/前锋,198,98,4,C:/Users/13630/Desktop/信息检索课程设计/nba_all_players/步行者_阿龙-内史密斯.png
步行者,奥比・托平,Obi Toppin,1,前锋,206,100,4,C:/Users/13630/Desktop/信息检索课程设计/nba_all_players/步行者_奥比・托平.png
步行者,托马斯-布莱恩特,Thomas Bryant,3,中锋/前锋,208,112,7,C:/Users/13630/Desktop/信息检索课程设计/nba_all_players/步行者_托马斯-布莱恩特.png
步行者,安德鲁-内姆布哈德,Andrew Nembhard,2,后卫/前锋,193,87,2,C:/Users/13630/Desktop/信息检索课程设计/nba_all_players/步行者_安德鲁-内姆布哈德.png
步行者,本尼迪克特-马瑟林,Bennedict Mathurin,00,后卫/前锋,196,95,2,C:/Users/13630/Desktop/信息检索课程设计/nba_all_players/步行者_本尼迪克特-马瑟林.png
步行者,T.J. 麦康奈尔,T.J. McConnell,9,后卫,185,86,9,C:/Users/13630/Desktop/信息检索课程设计/nba_all_players/步行者_T.J. 麦康奈尔.png
步行者,以赛亚-杰克逊,Isaiah Jackson,22,前锋,206,93,3,C:/Users/13630/Desktop/信息检索课程设计/nba_all_players/步行者_以赛亚-杰克逊.png
步行者,贾雷斯-沃克,Jarace Walker,5,前锋,201,107,1,C:/Users/13630/Desktop/信息检索课程设计/nba_all_players/步行者_贾雷斯-沃克.png
步行者,本-谢泼德,Ben Sheppard,26,后卫,198,86,1,C:/Users/13630/Desktop/信息检索课程设计/nba_all_players/步行者_本-谢泼德.png
步行者,昆顿-杰克逊,Quenton Jackson,29,后卫,196,78,2,C:/Users/13630/Desktop/信息检索课程设计/nba_all_players/步行者_昆顿-杰克逊.png
步行者,雷杰-丹尼斯,RayJ Dennis,10,后卫,188,82,-,C:/Users/13630/Desktop/信息检索课程设计/nba_all_players/步行者_雷杰-丹尼斯.png
步行者,恩里克-弗里曼,Enrique Freeman,8,前锋,201,100,-,C:/Users/13630/Desktop/信息检索课程设计/nba_all_players/步行者_恩里克-弗里曼.png
雄鹿,扬尼斯-阿德托昆博,Giannis Antetokounmpo,34,前锋,211,110,11,C:/Users/13630/Desktop/信息检索课程设计/nba_all_players/雄鹿_扬尼斯-阿德托昆博.png
雄鹿,泰勒-史密斯,Tyler Smith,21,前锋,206,102,-,C:/Users/13630/Desktop/信息检索课程设计/nba_all_players/雄鹿_泰勒-史密斯.png
雄鹿,小安德烈-杰克逊,Andre Jackson Jr.,44,后卫,198,95,1,C:/Users/13630/Desktop/信息检索课程设计/nba_all_players/雄鹿_小安德烈-杰克逊.png
雄鹿,布鲁克-洛佩兹,Brook Lopez,11,中锋,216,128,16,C:/Users/13630/Desktop/信息检索课程设计/nba_all_players/雄鹿_布鲁克-洛佩兹.png
雄鹿,莱恩-罗林斯,Ryan Rollins,13,后卫,191,82,2,C:/Users/13630/Desktop/信息检索课程设计/nba_all_players/雄鹿_莱恩-罗林斯.png
雄鹿,克里斯-利文斯顿,Chris Livingston,7,前锋,198,100,1,C:/Users/13630/Desktop/信息检索课程设计/nba_all_players/雄鹿_克里斯-利文斯顿.png
雄鹿,帕特-康诺顿,Pat Connaughton,24,后卫,196,95,9,C:/Users/13630/Desktop/信息检索课程设计/nba_all_players/雄鹿_帕特-康诺顿.png
雄鹿,小凯文-波特,Kevin Porter Jr.,3,后卫/前锋,193,92,4,C:/Users/13630/Desktop/信息检索课程设计/nba_all_players/雄鹿_小凯文-波特.png
雄鹿,托里恩-普林斯,Taurean Prince,12,前锋,198,99,8,C:/Users/13630/Desktop/信息检索课程设计/nba_all_players/雄鹿_托里恩-普林斯.png
雄鹿,A.J. 格林,AJ Green,20,后卫,193,86,2,C:/Users/13630/Desktop/信息检索课程设计/nba_all_players/雄鹿_A.J. 格林.png
雄鹿,达米安-利拉德,Damian Lillard,-,后卫,188,88,12,C:/Users/13630/Desktop/信息检索课程设计/nba_all_players/雄鹿_达米安-利拉德.png
雄鹿,鲍比-波蒂斯,Bobby Portis,9,前锋,208,113,9,C:/Users/13630/Desktop/信息检索课程设计/nba_all_players/雄鹿_鲍比-波蒂斯.png
雄鹿,凯尔-库兹马,Kyle Kuzma,18,前锋,206,100,7,C:/Users/13630/Desktop/信息检索课程设计/nba_all_players/雄鹿_凯尔-库兹马.png
雄鹿,杰里乔-希姆斯,Jericho Sims,00,中锋,208,113,3,C:/Users/13630/Desktop/信息检索课程设计/nba_all_players/雄鹿_杰里乔-希姆斯.png
雄鹿,小加里-特伦特,Gary Trent Jr.,5,后卫,196,93,6,C:/Users/13630/Desktop/信息检索课程设计/nba_all_players/雄鹿_小加里-特伦特.png
雄鹿,皮特-南斯,Pete Nance,35,前锋,208,102,1,C:/Users/13630/Desktop/信息检索课程设计/nba_all_players/雄鹿_皮特-南斯.png
雄鹿,斯坦利-乌穆德,Stanley Umude,17,后卫,198,95,2,C:/Users/13630/Desktop/信息检索课程设计/nba_all_players/雄鹿_斯坦利-乌穆德.png
雄鹿,贾梅里-布耶,Jamaree Bouyea,15,后卫,188,82,2,C:/Users/13630/Desktop/信息检索课程设计/nba_all_players/雄鹿_贾梅里-布耶.png
活塞,托拜亚斯-哈里斯,Tobias Harris,12,前锋,203,102,13,C:/Users/13630/Desktop/信息检索课程设计/nba_all_players/活塞_托拜亚斯-哈里斯.png
活塞,小蒂姆-哈达威,Tim Hardaway Jr.,8,后卫/前锋,196,93,11,C:/Users/13630/Desktop/信息检索课程设计/nba_all_players/活塞_小蒂姆-哈达威.png
活塞,保罗-里德,Paul Reed,7,前锋,206,95,4,C:/Users/13630/Desktop/信息检索课程设计/nba_all_players/活塞_保罗-里德.png
活塞,奥萨尔-汤普森,Ausar Thompson,9,后卫/前锋,198,93,1,C:/Users/13630/Desktop/信息检索课程设计/nba_all_players/活塞_奥萨尔-汤普森.png
活塞,杰登-艾维,Jaden Ivey,23,后卫,193,88,2,C:/Users/13630/Desktop/信息检索课程设计/nba_all_players/活塞_杰登-艾维.png
活塞,罗恩-哈珀,Ron Harper Jr.,13,后卫/前锋,193,106,2,C:/Users/13630/Desktop/信息检索课程设计/nba_all_players/活塞_罗恩-哈珀.png
活塞,罗纳德-德韦恩-霍兰二世,Ronald Holland II,00,前锋,203,93,-,C:/Users/13630/Desktop/信息检索课程设计/nba_all_players/活塞_罗纳德-德韦恩-霍兰二世.png
活塞,西莫内-丰泰基奥,Simone Fontecchio,19,前锋,201,95,2,C:/Users/13630/Desktop/信息检索课程设计/nba_all_players/活塞_西莫内-丰泰基奥.png
活塞,马库斯-萨瑟,Marcus Sasser,25,后卫,188,88,1,C:/Users/13630/Desktop/信息检索课程设计/nba_all_players/活塞_马库斯-萨瑟.png
活塞,以赛亚・斯图尔特,Isaiah Stewart,28,前锋/中锋,203,113,4,C:/Users/13630/Desktop/信息检索课程设计/nba_all_players/活塞_以赛亚・斯图尔特.png
活塞,博比-克林特曼,Bobi Klintman,34,前锋,206,102,-,C:/Users/13630/Desktop/信息检索课程设计/nba_all_players/活塞_博比-克林特曼.png
活塞,丹尼斯-詹金斯,Daniss Jenkins,24,后卫,191,75,-,C:/Users/13630/Desktop/信息检索课程设计/nba_all_players/活塞_丹尼斯-詹金斯.png
活塞,杰伦-杜伦,Jalen Duren,-,中锋,208,113,2,C:/Users/13630/Desktop/信息检索课程设计/nba_all_players/活塞_杰伦-杜伦.png
活塞,凯德-坎宁安,Cade Cunningham,2,后卫,198,100,3,C:/Users/13630/Desktop/信息检索课程设计/nba_all_players/活塞_凯德-坎宁安.png
活塞,林迪-沃特斯三世,Lindy Waters III,43,前锋,198,95,3,C:/Users/13630/Desktop/信息检索课程设计/nba_all_players/活塞_林迪-沃特斯三世.png
活塞,丹尼斯-施罗德,Dennis Schr?der,17,后卫,185,79,11,C:/Users/13630/Desktop/信息检索课程设计/nba_all_players/活塞_丹尼斯-施罗德.png
活塞,马利克-比斯利,Malik Beasley,5,后卫,193,85,8,C:/Users/13630/Desktop/信息检索课程设计/nba_all_players/活塞_马利克-比斯利.png
活塞,托鲁-史密斯,Tolu Smith,35,前锋,211,-,-,C:/Users/13630/Desktop/信息检索课程设计/nba_all_players/活塞_托鲁-史密斯.png
魔术,杰特-霍华德,Jett Howard,13,后卫,198,98,1,C:/Users/13630/Desktop/信息检索课程设计/nba_all_players/魔术_杰特-霍华德.png
魔术,戈加-比塔泽,Goga Bitadze,35,中锋/前锋,208,113,5,C:/Users/13630/Desktop/信息检索课程设计/nba_all_players/魔术_戈加-比塔泽.png
魔术,凯莱布-休斯坦,Caleb Houstan,2,后卫,203,93,2,C:/Users/13630/Desktop/信息检索课程设计/nba_all_players/魔术_凯莱布-休斯坦.png
魔术,麦克-麦克朗,Mac McClung,8,后卫,188,84,2,C:/Users/13630/Desktop/信息检索课程设计/nba_all_players/魔术_麦克-麦克朗.png
魔术,特里斯坦-达-席尔瓦,Tristan da Silva,23,前锋,203,98,-,C:/Users/13630/Desktop/信息检索课程设计/nba_all_players/魔术_特里斯坦-达-席尔瓦.png
魔术,肯塔维奥斯-卡德维尔-波普,Kentavious Caldwell-Pope,3,后卫,196,93,11,C:/Users/13630/Desktop/信息检索课程设计/nba_all_players/魔术_肯塔维奥斯-卡德维尔-波普.png
魔术,弗朗茨-瓦格纳,Franz Wagner,22,前锋,208,100,3,C:/Users/13630/Desktop/信息检索课程设计/nba_all_players/魔术_弗朗茨-瓦格纳.png
魔术,温德尔-卡特,Wendell Carter Jr.,34,中锋/前锋,208,122,6,C:/Users/13630/Desktop/信息检索课程设计/nba_all_players/魔术_温德尔-卡特.png
魔术,科里-约瑟夫,Cory Joseph,10,后卫,188,91,13,C:/Users/13630/Desktop/信息检索课程设计/nba_all_players/魔术_科里-约瑟夫.png
魔术,莫里兹-瓦格纳,Moritz Wagner,21,前锋/中锋,211,111,6,C:/Users/13630/Desktop/信息检索课程设计/nba_all_players/魔术_莫里兹-瓦格纳.png
魔术,伊桑-汤普森,Ethan Thompson,55,后卫,196,88,-,C:/Users/13630/Desktop/信息检索课程设计/nba_all_players/魔术_伊桑-汤普森.png
魔术,科尔-安东尼,Cole Anthony,50,后卫,188,84,4,C:/Users/13630/Desktop/信息检索课程设计/nba_all_players/魔术_科尔-安东尼.png
魔术,加里-哈里斯,Gary Harris,14,后卫,193,95,10,C:/Users/13630/Desktop/信息检索课程设计/nba_all_players/魔术_加里-哈里斯.png
魔术,安东尼-布莱克,Anthony Black,-,后卫,201,91,1,C:/Users/13630/Desktop/信息检索课程设计/nba_all_players/魔术_安东尼-布莱克.png
魔术,乔纳森-艾萨克,Jonathan Isaac,1,前锋,208,104,5,C:/Users/13630/Desktop/信息检索课程设计/nba_all_players/魔术_乔纳森-艾萨克.png
魔术,萨格斯,Jalen Suggs,4,后卫,196,93,3,C:/Users/13630/Desktop/信息检索课程设计/nba_all_players/魔术_萨格斯.png
魔术,保罗-班凯罗,Paolo Banchero,5,前锋,208,113,2,C:/Users/13630/Desktop/信息检索课程设计/nba_all_players/魔术_保罗-班凯罗.png
魔术,特雷夫林-奎因,Trevelin Queen,12,后卫,196,86,3,C:/Users/13630/Desktop/信息检索课程设计/nba_all_players/魔术_特雷夫林-奎因.png
老鹰,奥涅卡-奥孔古,Onyeka Okongwu,17,前锋/中锋,208,109,4,C:/Users/13630/Desktop/信息检索课程设计/nba_all_players/老鹰_奥涅卡-奥孔古.png
老鹰,特雷-杨,Trae Young,11,后卫,185,74,6,C:/Users/13630/Desktop/信息检索课程设计/nba_all_players/老鹰_特雷-杨.png
老鹰,戴森-丹尼尔斯,Dyson Daniels,5,后卫,201,90,2,C:/Users/13630/Desktop/信息检索课程设计/nba_all_players/老鹰_戴森-丹尼尔斯.png
老鹰,科比-巴夫金,Kobe Bufkin,4,后卫,193,88,1,C:/Users/13630/Desktop/信息检索课程设计/nba_all_players/老鹰_科比-巴夫金.png
老鹰,杰伦-约翰逊,Jalen Johnson,1,前锋,203,99,3,C:/Users/13630/Desktop/信息检索课程设计/nba_all_players/老鹰_杰伦-约翰逊.png
老鹰,小拉里-南斯,Larry Nance Jr.,22,前锋/中锋,203,111,9,C:/Users/13630/Desktop/信息检索课程设计/nba_all_players/老鹰_小拉里-南斯.png
老鹰,特伦斯-曼恩,Terance Mann,14,后卫/前锋,196,98,5,C:/Users/13630/Desktop/信息检索课程设计/nba_all_players/老鹰_特伦斯-曼恩.png
老鹰,扎卡里-里萨谢,Zaccharie Risacher,10,前锋,203,91,-,C:/Users/13630/Desktop/信息检索课程设计/nba_all_players/老鹰_扎卡里-里萨谢.png
老鹰,戴奎翁-普劳登,Daeqwon Plowden,29,后卫/前锋,198,98,-,C:/Users/13630/Desktop/信息检索课程设计/nba_all_players/老鹰_戴奎翁-普劳登.png
老鹰,雅各布-托平,Jacob Toppin,00,前锋,203,91,1,C:/Users/13630/Desktop/信息检索课程设计/nba_all_players/老鹰_雅各布-托平.png
老鹰,加里森-马修斯,Garrison Mathews,24,后卫,198,98,5,C:/Users/13630/Desktop/信息检索课程设计/nba_all_players/老鹰_加里森-马修斯.png
老鹰,克林特-卡佩拉,Clint Capela,15,中锋,208,116,10,C:/Users/13630/Desktop/信息检索课程设计/nba_all_players/老鹰_克林特-卡佩拉.png
老鹰,维克-克雷伊奇,Vít Krej?í,27,后卫,203,88,3,C:/Users/13630/Desktop/信息检索课程设计/nba_all_players/老鹰_维克-克雷伊奇.png
老鹰,穆罕默杜-盖耶,Mouhamed Gueye,18,前锋,208,95,1,C:/Users/13630/Desktop/信息检索课程设计/nba_all_players/老鹰_穆罕默杜-盖耶.png
老鹰,卡里斯-勒维尔,Caris LeVert,3,后卫,198,93,8,C:/Users/13630/Desktop/信息检索课程设计/nba_all_players/老鹰_卡里斯-勒维尔.png
老鹰,多米尼克-巴洛,Dominick Barlow,26,前锋,203,98,2,C:/Users/13630/Desktop/信息检索课程设计/nba_all_players/老鹰_多米尼克-巴洛.png
老鹰,基顿-华莱士,Keaton Wallace,2,后卫,191,84,-,C:/Users/13630/Desktop/信息检索课程设计/nba_all_players/老鹰_基顿-华莱士.png
老鹰,乔治-尼昂,Georges Niang,20,前锋,201,104,8,C:/Users/13630/Desktop/信息检索课程设计/nba_all_players/老鹰_乔治-尼昂.png
公牛,杰伦-史密斯,Jalen Smith,7,前锋/中锋,206,98,4,C:/Users/13630/Desktop/信息检索课程设计/nba_all_players/公牛_杰伦-史密斯.png
公牛,特雷-琼斯,Tre Jones,30,后卫,185,84,4,C:/Users/13630/Desktop/信息检索课程设计/nba_all_players/公牛_特雷-琼斯.png
公牛,科比-怀特,Coby White,-,后卫,196,88,5,C:/Users/13630/Desktop/信息检索课程设计/nba_all_players/公牛_科比-怀特.png
公牛,约什-吉迪,Josh Giddey,3,后卫,203,98,3,C:/Users/13630/Desktop/信息检索课程设计/nba_all_players/公牛_约什-吉迪.png
公牛,塔伦-霍顿-塔克,Talen Horton-Tucker,22,后卫,193,106,5,C:/Users/13630/Desktop/信息检索课程设计/nba_all_players/公牛_塔伦-霍顿-塔克.png
公牛,伊曼纽尔-米勒,Emanuel Miller,20,前锋,201,98,-,C:/Users/13630/Desktop/信息检索课程设计/nba_all_players/公牛_伊曼纽尔-米勒.png
公牛,多森姆,Ayo Dosunmu,11,后卫,196,91,3,C:/Users/13630/Desktop/信息检索课程设计/nba_all_players/公牛_多森姆.png
公牛,凯文-赫尔特,Kevin Huerter,13,后卫/前锋,201,90,6,C:/Users/13630/Desktop/信息检索课程设计/nba_all_players/公牛_凯文-赫尔特.png
公牛,帕特里克-威廉姆斯,Patrick Williams,44,前锋,201,98,4,C:/Users/13630/Desktop/信息检索课程设计/nba_all_players/公牛_帕特里克-威廉姆斯.png
公牛,利德尔,E.J. Liddell,32,前锋,198,109,1,C:/Users/13630/Desktop/信息检索课程设计/nba_all_players/公牛_利德尔.png
公牛,朱利安-菲利普斯,Julian Phillips,15,前锋,203,90,1,C:/Users/13630/Desktop/信息检索课程设计/nba_all_players/公牛_朱利安-菲利普斯.png
公牛,贾米尔-杨,Jahmir Young,11,后卫,185,84,-,C:/Users/13630/Desktop/信息检索课程设计/nba_all_players/公牛_贾米尔-杨.png
公牛,马塔斯-布泽利斯,Matas Buzelis,14,前锋,208,95,-,C:/Users/13630/Desktop/信息检索课程设计/nba_all_players/公牛_马塔斯-布泽利斯.png
公牛,尼科拉-武切维奇,Nikola Vu?evi?,9,中锋,208,118,13,C:/Users/13630/Desktop/信息检索课程设计/nba_all_players/公牛_尼科拉-武切维奇.png
公牛,特里,Dalen Terry,25,前锋,201,88,2,C:/Users/13630/Desktop/信息检索课程设计/nba_all_players/公牛_特里.png
公牛,杰文・卡特,Jevon Carter,5,后卫,185,91,6,C:/Users/13630/Desktop/信息检索课程设计/nba_all_players/公牛_杰文・卡特.png
公牛,扎克-科林斯,Zach Collins,12,前锋/中锋,211,113,6,C:/Users/13630/Desktop/信息检索课程设计/nba_all_players/公牛_扎克-科林斯.png
公牛,朗佐-鲍尔,Lonzo Ball,2,后卫,198,86,5,C:/Users/13630/Desktop/信息检索课程设计/nba_all_players/公牛_朗佐-鲍尔.png
热火,约什-克里斯托弗,Josh Christopher,8,后卫,193,98,2,C:/Users/13630/Desktop/信息检索课程设计/nba_all_players/热火_约什-克里斯托弗.png
热火,尼古拉-约维奇,Nikola Jovi?,5,前锋,208,93,2,C:/Users/13630/Desktop/信息检索课程设计/nba_all_players/热火_尼古拉-约维奇.png
热火,以赛亚-斯蒂文斯,Isaiah Stevens,-,后卫,183,84,-,C:/Users/13630/Desktop/信息检索课程设计/nba_all_players/热火_以赛亚-斯蒂文斯.png
热火,佩勒-拉松,Pelle Larsson,9,后卫,196,98,-,C:/Users/13630/Desktop/信息检索课程设计/nba_all_players/热火_佩勒-拉松.png
热火,安德鲁-维金斯,Andrew Wiggins,22,前锋,201,89,10,C:/Users/13630/Desktop/信息检索课程设计/nba_all_players/热火_安德鲁-维金斯.png
热火,克莱尔-韦尔,Kel'el Ware,7,中锋,213,104,-,C:/Users/13630/Desktop/信息检索课程设计/nba_all_players/热火_克莱尔-韦尔.png
热火,亚历克-伯克斯,Alec Burks,18,后卫,196,97,13,C:/Users/13630/Desktop/信息检索课程设计/nba_all_players/热火_亚历克-伯克斯.png
热火,海伍德-海史密斯,Haywood Highsmith,24,前锋,196,100,4,C:/Users/13630/Desktop/信息检索课程设计/nba_all_players/热火_海伍德-海史密斯.png
热火,德-史密斯,Dru Smith,12,后卫,188,92,2,C:/Users/13630/Desktop/信息检索课程设计/nba_all_players/热火_德-史密斯.png
热火,特里-罗齐尔,Terry Rozier,2,后卫,185,86,9,C:/Users/13630/Desktop/信息检索课程设计/nba_all_players/热火_特里-罗齐尔.png
热火,邓肯-罗宾逊,Duncan Robinson,55,前锋,201,98,6,C:/Users/13630/Desktop/信息检索课程设计/nba_all_players/热火_邓肯-罗宾逊.png
热火,巴姆-阿德巴约,Bam Adebayo,13,中锋/前锋,206,116,7,C:/Users/13630/Desktop/信息检索课程设计/nba_all_players/热火_巴姆-阿德巴约.png
热火,小海梅-哈克斯,Jaime Jaquez Jr.,11,后卫,198,102,1,C:/Users/13630/Desktop/信息检索课程设计/nba_all_players/热火_小海梅-哈克斯.png
热火,凯沙德-约翰逊,Keshad Johnson,16,前锋,201,102,-,C:/Users/13630/Desktop/信息检索课程设计/nba_all_players/热火_凯沙德-约翰逊.png
热火,达维昂-米切尔,Davion Mitchell,45,后卫,183,92,3,C:/Users/13630/Desktop/信息检索课程设计/nba_all_players/热火_达维昂-米切尔.png
热火,李凯尔,Kyle Anderson,20,前锋/后卫,206,104,10,C:/Users/13630/Desktop/信息检索课程设计/nba_all_players/热火_李凯尔.png
热火,凯文-乐福,Kevin Love,42,前锋/中锋,203,114,16,C:/Users/13630/Desktop/信息检索课程设计/nba_all_players/热火_凯文-乐福.png
热火,泰勒-希罗,Tyler Herro,14,后卫,196,88,5,C:/Users/13630/Desktop/信息检索课程设计/nba_all_players/热火_泰勒-希罗.png
猛龙,贾米森-巴特尔,Jamison Battle,77,前锋,201,100,-,C:/Users/13630/Desktop/信息检索课程设计/nba_all_players/猛龙_贾米森-巴特尔.png
猛龙,格雷迪-迪克,Gradey Dick,1,后卫/前锋,198,91,1,C:/Users/13630/Desktop/信息检索课程设计/nba_all_players/猛龙_格雷迪-迪克.png
猛龙,奥查伊-阿巴吉,Ochai Agbaji,30,后卫,196,98,2,C:/Users/13630/Desktop/信息检索课程设计/nba_all_players/猛龙_奥查伊-阿巴吉.png
猛龙,贾马尔-谢德,Jamal Shead,23,后卫,185,91,-,C:/Users/13630/Desktop/信息检索课程设计/nba_all_players/猛龙_贾马尔-谢德.png
猛龙,乌尔里希-乔姆奇,Ulrich Chomche,22,中锋,211,107,-,C:/Users/13630/Desktop/信息检索课程设计/nba_all_players/猛龙_乌尔里希-乔姆奇.png
猛龙,贾科比-沃尔特,Ja'Kobe Walter,14,后卫,196,82,-,C:/Users/13630/Desktop/信息检索课程设计/nba_all_players/猛龙_贾科比-沃尔特.png
猛龙,A.J. 劳森,A.J. Lawson,-,后卫,198,81,2,C:/Users/13630/Desktop/信息检索课程设计/nba_all_players/猛龙_A.J. 劳森.png
猛龙,雅各布-珀尔特尔,Jakob Poeltl,19,中锋,213,118,8,C:/Users/13630/Desktop/信息检索课程设计/nba_all_players/猛龙_雅各布-珀尔特尔.png
猛龙,克里斯-布切尔,Chris Boucher,25,前锋,206,91,7,C:/Users/13630/Desktop/信息检索课程设计/nba_all_players/猛龙_克里斯-布切尔.png
猛龙,乔纳森-莫格博,Jonathan Mogbo,2,前锋,206,102,-,C:/Users/13630/Desktop/信息检索课程设计/nba_all_players/猛龙_乔纳森-莫格博.png
猛龙,贾里德-罗登,Jared Rhoden,8,后卫,196,95,2,C:/Users/13630/Desktop/信息检索课程设计/nba_all_players/猛龙_贾里德-罗登.png
猛龙,加雷特-坦普尔,Garrett Temple,17,后卫/前锋,196,88,14,C:/Users/13630/Desktop/信息检索课程设计/nba_all_players/猛龙_加雷特-坦普尔.png
猛龙,斯科蒂-巴恩斯,Scottie Barnes,4,前锋/后卫,201,107,3,C:/Users/13630/Desktop/信息检索课程设计/nba_all_players/猛龙_斯科蒂-巴恩斯.png
猛龙,伊曼纽尔-奎克利,Immanuel Quickley,5,后卫,188,86,4,C:/Users/13630/Desktop/信息检索课程设计/nba_all_players/猛龙_伊曼纽尔-奎克利.png
猛龙,布兰登-英格拉姆,Brandon Ingram,3,前锋,203,86,8,C:/Users/13630/Desktop/信息检索课程设计/nba_all_players/猛龙_布兰登-英格拉姆.png
猛龙,RJ 巴雷特,RJ Barrett,9,前锋/后卫,198,97,5,C:/Users/13630/Desktop/信息检索课程设计/nba_all_players/猛龙_RJ 巴雷特.png
猛龙,科尔-斯威德,Cole Swider,13,-,203,100,-,C:/Users/13630/Desktop/信息检索课程设计/nba_all_players/猛龙_科尔-斯威德.png
猛龙,奥兰多-罗宾逊,Orlando Robinson,59,-,208,107,-,C:/Users/13630/Desktop/信息检索课程设计/nba_all_players/猛龙_奥兰多-罗宾逊.png
篮网,扎伊尔-威廉姆斯,Ziaire Williams,8,前锋,206,84,3,C:/Users/13630/Desktop/信息检索课程设计/nba_all_players/篮网_扎伊尔-威廉姆斯.png
篮网,达里克-怀特黑德,Dariq Whitehead,-,后卫/前锋,198,100,1,C:/Users/13630/Desktop/信息检索课程设计/nba_all_players/篮网_达里克-怀特黑德.png
篮网,泰雷斯-马丁,Tyrese Martin,13,前锋,198,98,1,C:/Users/13630/Desktop/信息检索课程设计/nba_all_players/篮网_泰雷斯-马丁.png
篮网,里斯-比克曼,Reece Beekman,4,后卫,191,86,-,C:/Users/13630/Desktop/信息检索课程设计/nba_all_players/篮网_里斯-比克曼.png
篮网,德安东尼-梅尔顿,De'Anthony Melton,14,后卫,191,91,6,C:/Users/13630/Desktop/信息检索课程设计/nba_all_players/篮网_德安东尼-梅尔顿.png
篮网,丹吉洛-拉塞尔,D'Angelo Russell,1,后卫,191,88,9,C:/Users/13630/Desktop/信息检索课程设计/nba_all_players/篮网_丹吉洛-拉塞尔.png
篮网,托桑-埃夫布翁万,Tosan Evbuomwan,12,前锋,201,98,1,C:/Users/13630/Desktop/信息检索课程设计/nba_all_players/篮网_托桑-埃夫布翁万.png
篮网,戴罗恩-夏普,Day'Ron Sharpe,20,中锋,206,120,3,C:/Users/13630/Desktop/信息检索课程设计/nba_all_players/篮网_戴罗恩-夏普.png
篮网,泰森-埃蒂安,Tyson Etienne,10,后卫,188,91,-,C:/Users/13630/Desktop/信息检索课程设计/nba_all_players/篮网_泰森-埃蒂安.png
篮网,卡梅隆-约翰逊,Cameron Johnson,2,前锋,203,95,5,C:/Users/13630/Desktop/信息检索课程设计/nba_all_players/篮网_卡梅隆-约翰逊.png
篮网,尼古拉斯-克拉克斯顿,Nic Claxton,33,中锋,211,98,5,C:/Users/13630/Desktop/信息检索课程设计/nba_all_players/篮网_尼古拉斯-克拉克斯顿.png
篮网,马克斯韦尔-刘易斯,Maxwell Lewis,27,前锋,201,98,1,C:/Users/13630/Desktop/信息检索课程设计/nba_all_players/篮网_马克斯韦尔-刘易斯.png
篮网,基恩-约翰逊,Keon Johnson,45,后卫,196,84,3,C:/Users/13630/Desktop/信息检索课程设计/nba_all_players/篮网_基恩-约翰逊.png
篮网,特伦顿-沃特福德,Trendon Watford,9,后卫/前锋,203,107,3,C:/Users/13630/Desktop/信息检索课程设计/nba_all_players/篮网_特伦顿-沃特福德.png
篮网,卡姆-托马斯,Cam Thomas,24,后卫,191,95,3,C:/Users/13630/Desktop/信息检索课程设计/nba_all_players/篮网_卡姆-托马斯.png
篮网,诺厄-克洛尼,Noah Clowney,21,前锋/中锋,206,95,1,C:/Users/13630/Desktop/信息检索课程设计/nba_all_players/篮网_诺厄-克洛尼.png
篮网,杰伦-威尔逊,Jalen Wilson,22,前锋,198,100,1,C:/Users/13630/Desktop/信息检索课程设计/nba_all_players/篮网_杰伦-威尔逊.png
76人,埃里克-戈登,Eric Gordon,23,后卫,191,98,16,C:/Users/13630/Desktop/信息检索课程设计/nba_all_players/76人_埃里克-戈登.png
76人,贾里德-麦凯恩,Jared McCain,20,后卫,191,88,-,C:/Users/13630/Desktop/信息检索课程设计/nba_all_players/76人_贾里德-麦凯恩.png
76人,盖尔雄-亚布塞莱,Guerschon Yabusele,28,前锋,203,120,2,C:/Users/13630/Desktop/信息检索课程设计/nba_all_players/76人_盖尔雄-亚布塞莱.png
76人,安德鲁-德拉蒙德,Andre Drummond,1,中锋,211,127,12,C:/Users/13630/Desktop/信息检索课程设计/nba_all_players/76人_安德鲁-德拉蒙德.png
76人,里奇-康西尔四世,Ricky Council IV,14,后卫,198,94,1,C:/Users/13630/Desktop/信息检索课程设计/nba_all_players/76人_里奇-康西尔四世.png
76人,昆汀-格雷姆斯,Quentin Grimes,5,后卫,193,95,3,C:/Users/13630/Desktop/信息检索课程设计/nba_all_players/76人_昆汀-格雷姆斯.png
76人,亚历克斯-里斯,Alex Reese,65,前锋/中锋,206,111,-,C:/Users/13630/Desktop/信息检索课程设计/nba_all_players/76人_亚历克斯-里斯.png
76人,贾里德-巴特勒,Jared Butler,12,后卫,191,88,3,C:/Users/13630/Desktop/信息检索课程设计/nba_all_players/76人_贾里德-巴特勒.png
76人,贾斯汀-爱德华兹,Justin Edwards,19,前锋,201,92,-,C:/Users/13630/Desktop/信息检索课程设计/nba_all_players/76人_贾斯汀-爱德华兹.png
76人,保罗-乔治,Paul George,8,前锋,203,100,14,C:/Users/13630/Desktop/信息检索课程设计/nba_all_players/76人_保罗-乔治.png
76人,朗尼-沃克四世,Lonnie Walker IV,16,后卫/前锋,193,93,6,C:/Users/13630/Desktop/信息检索课程设计/nba_all_players/76人_朗尼-沃克四世.png
76人,乔尔-恩比德,Joel Embiid,21,中锋/前锋,213,127,8,C:/Users/13630/Desktop/信息检索课程设计/nba_all_players/76人_乔尔-恩比德.png
76人,泰雷塞-马克西,Tyrese Maxey,-,后卫,188,91,4,C:/Users/13630/Desktop/信息检索课程设计/nba_all_players/76人_泰雷塞-马克西.png
76人,杰夫-道丁,Jeff Dowtin Jr.,11,后卫,191,80,3,C:/Users/13630/Desktop/信息检索课程设计/nba_all_players/76人_杰夫-道丁.png
76人,凯利-乌布雷,Kelly Oubre Jr.,9,前锋/后卫,203,92,9,C:/Users/13630/Desktop/信息检索课程设计/nba_all_players/76人_凯利-乌布雷.png
76人,凯尔-洛瑞,Kyle Lowry,7,后卫,183,89,18,C:/Users/13630/Desktop/信息检索课程设计/nba_all_players/76人_凯尔-洛瑞.png
76人,杰伦-胡德-席菲诺,Jalen Hood-Schifino,17,后卫,196,95,1,C:/Users/13630/Desktop/信息检索课程设计/nba_all_players/76人_杰伦-胡德-席菲诺.png
76人,阿德姆-博纳,Adem Bona,30,前锋,208,107,-,C:/Users/13630/Desktop/信息检索课程设计/nba_all_players/76人_阿德姆-博纳.png
黄蜂,尤素夫-努尔基奇,Jusuf Nurki?,11,中锋,213,132,10,C:/Users/13630/Desktop/信息检索课程设计/nba_all_players/黄蜂_尤素夫-努尔基奇.png
黄蜂,KJ-辛普森,K.J. Simpson,25,后卫,183,86,-,C:/Users/13630/Desktop/信息检索课程设计/nba_all_players/黄蜂_KJ-辛普森.png
黄蜂,小尼克・史密斯,Nick Smith Jr.,8,后卫,188,84,1,C:/Users/13630/Desktop/信息检索课程设计/nba_all_players/黄蜂_小尼克・史密斯.png
黄蜂,塔什-吉布森,Taj Gibson,67,前锋,206,105,15,C:/Users/13630/Desktop/信息检索课程设计/nba_all_players/黄蜂_塔什-吉布森.png
黄蜂,特雷-曼,Tre Mann,23,后卫,191,81,3,C:/Users/13630/Desktop/信息检索课程设计/nba_all_players/黄蜂_特雷-曼.png
黄蜂,达米恩-鲍,Damion Baugh,7,后卫,193,88,-,C:/Users/13630/Desktop/信息检索课程设计/nba_all_players/黄蜂_达米恩-鲍.png
黄蜂,拉梅洛-鲍尔,LaMelo Ball,1,后卫,201,82,4,C:/Users/13630/Desktop/信息检索课程设计/nba_all_players/黄蜂_拉梅洛-鲍尔.png
黄蜂,马克-威廉姆斯,Mark Williams,5,中锋,213,109,2,C:/Users/13630/Desktop/信息检索课程设计/nba_all_players/黄蜂_马克-威廉姆斯.png
黄蜂,约什-奥科吉,Josh Okogie,12,后卫,193,97,6,C:/Users/13630/Desktop/信息检索课程设计/nba_all_players/黄蜂_约什-奥科吉.png
黄蜂,小温德尔-摩尔,Wendell Moore Jr.,9,后卫,196,98,2,C:/Users/13630/Desktop/信息检索课程设计/nba_all_players/黄蜂_小温德尔-摩尔.png
黄蜂,约什-格林,Josh Green,10,后卫,196,91,4,C:/Users/13630/Desktop/信息检索课程设计/nba_all_players/黄蜂_约什-格林.png
黄蜂,布兰登-米勒,Brandon Miller,24,前锋,201,91,1,C:/Users/13630/Desktop/信息检索课程设计/nba_all_players/黄蜂_布兰登-米勒.png
黄蜂,格兰特-威廉姆斯,Grant Williams,2,前锋,198,107,5,C:/Users/13630/Desktop/信息检索课程设计/nba_all_players/黄蜂_格兰特-威廉姆斯.png
黄蜂,达奎恩-杰弗里斯,DaQuan Jeffries,3,后卫/前锋,196,101,5,C:/Users/13630/Desktop/信息检索课程设计/nba_all_players/黄蜂_达奎恩-杰弗里斯.png
黄蜂,穆萨-迪亚巴特,Moussa Diabate,14,前锋,206,95,2,C:/Users/13630/Desktop/信息检索课程设计/nba_all_players/黄蜂_穆萨-迪亚巴特.png
黄蜂,塞斯-库里,Seth Curry,30,后卫,185,84,10,C:/Users/13630/Desktop/信息检索课程设计/nba_all_players/黄蜂_塞斯-库里.png
黄蜂,蒂贾内-萨朗,Tidjane Salaun,31,前锋,203,94,-,C:/Users/13630/Desktop/信息检索课程设计/nba_all_players/黄蜂_蒂贾内-萨朗.png
黄蜂,迈尔斯-布里奇斯,Miles Bridges,-,前锋,201,102,5,C:/Users/13630/Desktop/信息检索课程设计/nba_all_players/黄蜂_迈尔斯-布里奇斯.png
奇才,贾斯汀-尚帕涅,Justin Champagnie,9,后卫/前锋,198,93,3,C:/Users/13630/Desktop/信息检索课程设计/nba_all_players/奇才_贾斯汀-尚帕涅.png
奇才,安东尼-吉尔,Anthony Gill,16,前锋,203,104,4,C:/Users/13630/Desktop/信息检索课程设计/nba_all_players/奇才_安东尼-吉尔.png
奇才,萨迪克・贝,Saddiq Bey,14,后卫/前锋,201,98,4,C:/Users/13630/Desktop/信息检索课程设计/nba_all_players/奇才_萨迪克・贝.png
奇才,卡尔顿-卡林顿,Carlton Carrington,8,后卫,193,86,-,C:/Users/13630/Desktop/信息检索课程设计/nba_all_players/奇才_卡尔顿-卡林顿.png
奇才,JT-索尔,JT Thor,21,前锋,206,92,3,C:/Users/13630/Desktop/信息检索课程设计/nba_all_players/奇才_JT-索尔.png
奇才,凯肖恩-乔治,Kyshawn George,18,前锋,203,91,-,C:/Users/13630/Desktop/信息检索课程设计/nba_all_players/奇才_凯肖恩-乔治.png
奇才,马库斯-斯马特,Marcus Smart,36,后卫,191,100,10,C:/Users/13630/Desktop/信息检索课程设计/nba_all_players/奇才_马库斯-斯马特.png
奇才,杰伦-马丁,Jaylen Martin,4,后卫,198,98,-,C:/Users/13630/Desktop/信息检索课程设计/nba_all_players/奇才_杰伦-马丁.png
奇才,特里斯坦-武克切维奇,Tristan Vukcevic,00,前锋,213,100,1,C:/Users/13630/Desktop/信息检索课程设计/nba_all_players/奇才_特里斯坦-武克切维奇.png
奇才,里乔恩-霍姆斯,Richaun Holmes,22,前锋,206,107,9,C:/Users/13630/Desktop/信息检索课程设计/nba_all_players/奇才_里乔恩-霍姆斯.png
奇才,比拉尔-库利巴利,Bilal Coulibaly,-,后卫,203,88,1,C:/Users/13630/Desktop/信息检索课程设计/nba_all_players/奇才_比拉尔-库利巴利.png
奇才,科里-基斯珀特,Corey Kispert,24,前锋,198,102,3,C:/Users/13630/Desktop/信息检索课程设计/nba_all_players/奇才_科里-基斯珀特.png
奇才,AJ-约翰逊,AJ Johnson,5,后卫,196,73,-,C:/Users/13630/Desktop/信息检索课程设计/nba_all_players/奇才_AJ-约翰逊.png
奇才,马尔科姆-布罗格登,Malcolm Brogdon,15,后卫,193,104,8,C:/Users/13630/Desktop/信息检索课程设计/nba_all_players/奇才_马尔科姆-布罗格登.png
奇才,亚历山大-萨尔,Alexandre Sarr,20,中锋,213,93,-,C:/Users/13630/Desktop/信息检索课程设计/nba_all_players/奇才_亚历山大-萨尔.png
奇才,科尔比-琼斯,Colby Jones,1,后卫,198,94,1,C:/Users/13630/Desktop/信息检索课程设计/nba_all_players/奇才_科尔比-琼斯.png
奇才,克里斯-米德尔顿,Khris Middleton,32,前锋,201,101,12,C:/Users/13630/Desktop/信息检索课程设计/nba_all_players/奇才_克里斯-米德尔顿.png
奇才,乔丹-普尔,Jordan Poole,13,后卫,193,88,5,C:/Users/13630/Desktop/信息检索课程设计/nba_all_players/奇才_乔丹-普尔.png
雷霆,狄龙-琼斯,Dillon Jones,3,前锋,196,107,-,C:/Users/13630/Desktop/信息检索课程设计/nba_all_players/雷霆_狄龙-琼斯.png
雷霆,杰林-威廉姆斯,Jaylin Williams,6,前锋,206,109,2,C:/Users/13630/Desktop/信息检索课程设计/nba_all_players/雷霆_杰林-威廉姆斯.png
雷霆,布兰登-卡尔森,Branden Carlson,15,中锋,213,100,-,C:/Users/13630/Desktop/信息检索课程设计/nba_all_players/雷霆_布兰登-卡尔森.png
雷霆,切特-霍姆格伦,Chet Holmgren,7,中锋/前锋,216,94,1,C:/Users/13630/Desktop/信息检索课程设计/nba_all_players/雷霆_切特-霍姆格伦.png
雷霆,以赛亚-乔,Isaiah Joe,11,后卫,191,75,4,C:/Users/13630/Desktop/信息检索课程设计/nba_all_players/雷霆_以赛亚-乔.png
雷霆,吕盖兹-多尔特,Luguentz Dort,5,后卫,193,100,5,C:/Users/13630/Desktop/信息检索课程设计/nba_all_players/雷霆_吕盖兹-多尔特.png
雷霆,肯里奇-威廉斯,Kenrich Williams,34,后卫/前锋,198,95,6,C:/Users/13630/Desktop/信息检索课程设计/nba_all_players/雷霆_肯里奇-威廉斯.png
雷霆,尼古拉-托皮奇,Nikola Topi?,44,后卫,198,91,-,C:/Users/13630/Desktop/信息检索课程设计/nba_all_players/雷霆_尼古拉-托皮奇.png
雷霆,以赛亚-哈尔滕施泰因,Isaiah Hartenstein,55,中锋/前锋,213,113,6,C:/Users/13630/Desktop/信息检索课程设计/nba_all_players/雷霆_以赛亚-哈尔滕施泰因.png
雷霆,杰伦-威廉姆斯,Jalen Williams,8,后卫/前锋,196,96,2,C:/Users/13630/Desktop/信息检索课程设计/nba_all_players/雷霆_杰伦-威廉姆斯.png
雷霆,亚当・弗拉格勒,Adam Flagler,14,后卫,191,82,1,C:/Users/13630/Desktop/信息检索课程设计/nba_all_players/雷霆_亚当・弗拉格勒.png
雷霆,谢伊-吉尔杰斯-亚历山大,Shai Gilgeous-Alexander,2,后卫,198,88,6,C:/Users/13630/Desktop/信息检索课程设计/nba_all_players/雷霆_谢伊-吉尔杰斯-亚历山大.png
雷霆,阿龙-威金斯,Aaron Wiggins,21,后卫,196,86,3,C:/Users/13630/Desktop/信息检索课程设计/nba_all_players/雷霆_阿龙-威金斯.png
雷霆,奥斯曼-迪昂,Ousmane Dieng,13,前锋,206,84,2,C:/Users/13630/Desktop/信息检索课程设计/nba_all_players/雷霆_奥斯曼-迪昂.png
雷霆,卡森-华莱士,Cason Wallace,22,后卫,191,88,1,C:/Users/13630/Desktop/信息检索课程设计/nba_all_players/雷霆_卡森-华莱士.png
雷霆,阿列克斯-卡鲁索,Alex Caruso,9,后卫,196,84,7,C:/Users/13630/Desktop/信息检索课程设计/nba_all_players/雷霆_阿列克斯-卡鲁索.png
雷霆,阿贾伊-米切尔,Ajay Mitchell,25,后卫,196,86,-,C:/Users/13630/Desktop/信息检索课程设计/nba_all_players/雷霆_阿贾伊-米切尔.png
火箭,乔克-兰代尔,Jock Landale,2,中锋,211,116,3,C:/Users/13630/Desktop/信息检索课程设计/nba_all_players/火箭_乔克-兰代尔.png
火箭,斯蒂文-亚当斯,Steven Adams,12,中锋,211,120,10,C:/Users/13630/Desktop/信息检索课程设计/nba_all_players/火箭_斯蒂文-亚当斯.png
火箭,杰肖恩-泰特,Jae'Sean Tate,8,前锋,193,104,4,C:/Users/13630/Desktop/信息检索课程设计/nba_all_players/火箭_杰肖恩-泰特.png
火箭,卡姆-惠特莫尔,Cam Whitmore,7,前锋,201,104,1,C:/Users/13630/Desktop/信息检索课程设计/nba_all_players/火箭_卡姆-惠特莫尔.png
火箭,阿门-汤普森,Amen Thompson,1,后卫/前锋,201,91,1,C:/Users/13630/Desktop/信息检索课程设计/nba_all_players/火箭_阿门-汤普森.png
火箭,杰纳森-威廉姆斯,Nate Williams,19,后卫,196,93,2,C:/Users/13630/Desktop/信息检索课程设计/nba_all_players/火箭_杰纳森-威廉姆斯.png
火箭,狄龙-布鲁克斯,Dillon Brooks,9,后卫/前锋,198,102,7,C:/Users/13630/Desktop/信息检索课程设计/nba_all_players/火箭_狄龙-布鲁克斯.png
火箭,塔里-伊森,Tari Eason,17,前锋,203,98,2,C:/Users/13630/Desktop/信息检索课程设计/nba_all_players/火箭_塔里-伊森.png
火箭,阿尔佩伦-申京,Alperen Sengun,28,中锋,211,110,3,C:/Users/13630/Desktop/信息检索课程设计/nba_all_players/火箭_阿尔佩伦-申京.png
火箭,杰伦-格林,Jalen Green,4,后卫,193,84,3,C:/Users/13630/Desktop/信息检索课程设计/nba_all_players/火箭_杰伦-格林.png
火箭,大卫-罗迪,David Roddy,45,前锋,193,116,2,C:/Users/13630/Desktop/信息检索课程设计/nba_all_players/火箭_大卫-罗迪.png
火箭,恩法利-丹特,N'Faly Dante,3,中锋,211,104,-,C:/Users/13630/Desktop/信息检索课程设计/nba_all_players/火箭_恩法利-丹特.png
火箭,里德-谢泼德,Reed Sheppard,15,后卫,188,84,-,C:/Users/13630/Desktop/信息检索课程设计/nba_all_players/火箭_里德-谢泼德.png
火箭,阿隆-霍乐迪,Aaron Holiday,-,后卫,183,84,6,C:/Users/13630/Desktop/信息检索课程设计/nba_all_players/火箭_阿隆-霍乐迪.png
火箭,弗雷德-范弗利特,Fred VanVleet,5,后卫,183,89,8,C:/Users/13630/Desktop/信息检索课程设计/nba_all_players/火箭_弗雷德-范弗利特.png
火箭,小贾巴里-史密斯,Jabari Smith Jr.,10,前锋,208,100,2,C:/Users/13630/Desktop/信息检索课程设计/nba_all_players/火箭_小贾巴里-史密斯.png
火箭,杰夫-格林,Jeff Green,32,前锋,203,107,16,C:/Users/13630/Desktop/信息检索课程设计/nba_all_players/火箭_杰夫-格林.png
湖人,多利安-芬尼-史密斯,Dorian Finney-Smith,17,前锋,201,100,8,C:/Users/13630/Desktop/信息检索课程设计/nba_all_players/湖人_多利安-芬尼-史密斯.png
湖人,谢克-米尔顿,Shake Milton,20,后卫,196,93,6,C:/Users/13630/Desktop/信息检索课程设计/nba_all_players/湖人_谢克-米尔顿.png
湖人,克里斯蒂安-科洛科,Christian Koloko,10,中锋,213,102,1,C:/Users/13630/Desktop/信息检索课程设计/nba_all_players/湖人_克里斯蒂安-科洛科.png
湖人,八村垒,Rui Hachimura,28,前锋,203,104,5,C:/Users/13630/Desktop/信息检索课程设计/nba_all_players/湖人_八村垒.png
湖人,特雷-杰米森,Trey Jemison,55,中锋,211,122,1,C:/Users/13630/Desktop/信息检索课程设计/nba_all_players/湖人_特雷-杰米森.png
湖人,卢卡-东契奇,Luka Don?i?,77,前锋/后卫,198,104,6,C:/Users/13630/Desktop/信息检索课程设计/nba_all_players/湖人_卢卡-东契奇.png
湖人,贾里德-范德比尔特,Jarred Vanderbilt,2,前锋,203,97,6,C:/Users/13630/Desktop/信息检索课程设计/nba_all_players/湖人_贾里德-范德比尔特.png
湖人,马基夫-莫里斯,Markieff Morris,88,前锋,206,111,13,C:/Users/13630/Desktop/信息检索课程设计/nba_all_players/湖人_马基夫-莫里斯.png
湖人,乔丹-古德温,Jordan Goodwin,30,后卫,196,98,3,C:/Users/13630/Desktop/信息检索课程设计/nba_all_players/湖人_乔丹-古德温.png
湖人,亚历克斯-莱恩,Alex Len,27,中锋,213,113,11,C:/Users/13630/Desktop/信息检索课程设计/nba_all_players/湖人_亚历克斯-莱恩.png
湖人,马克西-克勒贝尔,Maxi Kleber,14,前锋,208,109,7,C:/Users/13630/Desktop/信息检索课程设计/nba_all_players/湖人_马克西-克勒贝尔.png
湖人,多尔顿-克内克特,Dalton Knecht,4,前锋,198,98,-,C:/Users/13630/Desktop/信息检索课程设计/nba_all_players/湖人_多尔顿-克内克特.png
湖人,布朗尼-詹姆斯,Bronny James,9,后卫,191,95,-,C:/Users/13630/Desktop/信息检索课程设计/nba_all_players/湖人_布朗尼-詹姆斯.png
湖人,加布-文森特,Gabe Vincent,7,后卫,188,91,5,C:/Users/13630/Desktop/信息检索课程设计/nba_all_players/湖人_加布-文森特.png
湖人,奥斯汀-里夫斯,Austin Reaves,15,后卫,196,89,3,C:/Users/13630/Desktop/信息检索课程设计/nba_all_players/湖人_奥斯汀-里夫斯.png
湖人,勒布朗-詹姆斯,LeBron James,23,前锋,206,113,21,C:/Users/13630/Desktop/信息检索课程设计/nba_all_players/湖人_勒布朗-詹姆斯.png
湖人,雅克松-海耶斯,Jaxson Hayes,11,中锋/前锋,213,100,5,C:/Users/13630/Desktop/信息检索课程设计/nba_all_players/湖人_雅克松-海耶斯.png
湖人,卡梅伦-雷迪什,Cam Reddish,5,-,201,98,-,C:/Users/13630/Desktop/信息检索课程设计/nba_all_players/湖人_卡梅伦-雷迪什.png
掘金,德安德烈-乔丹,DeAndre Jordan,6,中锋,211,120,16,C:/Users/13630/Desktop/信息检索课程设计/nba_all_players/掘金_德安德烈-乔丹.png
掘金,亨特-泰森,Hunter Tyson,5,前锋,203,98,1,C:/Users/13630/Desktop/信息检索课程设计/nba_all_players/掘金_亨特-泰森.png
掘金,达里奥-萨里奇,Dario ?ari?,9,前锋/中锋,208,102,7,C:/Users/13630/Desktop/信息检索课程设计/nba_all_players/掘金_达里奥-萨里奇.png
掘金,达隆-霍姆斯二世,DaRon Holmes II,14,前锋,208,102,-,C:/Users/13630/Desktop/信息检索课程设计/nba_all_players/掘金_达隆-霍姆斯二世.png
掘金,乌拉特克-坎卡尔,Vlatko ?an?ar,31,前锋,203,107,4,C:/Users/13630/Desktop/信息检索课程设计/nba_all_players/掘金_乌拉特克-坎卡尔.png
掘金,朱利安-斯特劳瑟,Julian Strawther,3,后卫,198,93,1,C:/Users/13630/Desktop/信息检索课程设计/nba_all_players/掘金_朱利安-斯特劳瑟.png
掘金,阿隆-戈登,Aaron Gordon,32,前锋,203,107,10,C:/Users/13630/Desktop/信息检索课程设计/nba_all_players/掘金_阿隆-戈登.png
掘金,拉塞尔-威斯布鲁克,Russell Westbrook,4,后卫,193,91,16,C:/Users/13630/Desktop/信息检索课程设计/nba_all_players/掘金_拉塞尔-威斯布鲁克.png
掘金,杰伦-皮克特,Jalen Pickett,24,后卫,188,92,1,C:/Users/13630/Desktop/信息检索课程设计/nba_all_players/掘金_杰伦-皮克特.png
掘金,特雷-亚历山大,Trey Alexander,23,后卫,193,84,-,C:/Users/13630/Desktop/信息检索课程设计/nba_all_players/掘金_特雷-亚历山大.png
掘金,贾马尔-穆雷,Jamal Murray,27,后卫,193,98,7,C:/Users/13630/Desktop/信息检索课程设计/nba_all_players/掘金_贾马尔-穆雷.png
掘金,齐克-纳吉,Zeke Nnaji,22,前锋/中锋,206,109,4,C:/Users/13630/Desktop/信息检索课程设计/nba_all_players/掘金_齐克-纳吉.png
掘金,尼古拉-约基奇,Nikola Joki?,15,中锋,211,129,9,C:/Users/13630/Desktop/信息检索课程设计/nba_all_players/掘金_尼古拉-约基奇.png
掘金,佩顿-沃特森,Peyton Watson,8,后卫,201,91,2,C:/Users/13630/Desktop/信息检索课程设计/nba_all_players/掘金_佩顿-沃特森.png
掘金,小迈克尔-波特,Michael Porter Jr.,1,前锋,208,99,5,C:/Users/13630/Desktop/信息检索课程设计/nba_all_players/掘金_小迈克尔-波特.png
掘金,斯宾塞-琼斯,Spencer Jones,21,前锋,201,102,-,C:/Users/13630/Desktop/信息检索课程设计/nba_all_players/掘金_斯宾塞-琼斯.png
掘金,克里斯蒂安-布劳恩,Christian Braun,-,后卫,198,100,2,C:/Users/13630/Desktop/信息检索课程设计/nba_all_players/掘金_克里斯蒂安-布劳恩.png
掘金,PJ-霍尔,PJ Hall,13,中锋,208,111,-,C:/Users/13630/Desktop/信息检索课程设计/nba_all_players/掘金_PJ-霍尔.png
快船,本-西蒙斯,Ben Simmons,25,后卫/前锋,208,109,6,C:/Users/13630/Desktop/信息检索课程设计/nba_all_players/快船_本-西蒙斯.png
快船,小帕特里克-鲍德温,Patrick Baldwin Jr.,23,前锋,206,100,2,C:/Users/13630/Desktop/信息检索课程设计/nba_all_players/快船_小帕特里克-鲍德温.png
快船,乔丹-米勒,Jordan Miller,11,后卫,196,88,1,C:/Users/13630/Desktop/信息检索课程设计/nba_all_players/快船_乔丹-米勒.png
快船,克里斯-邓恩,Kris Dunn,8,后卫,191,93,8,C:/Users/13630/Desktop/信息检索课程设计/nba_all_players/快船_克里斯-邓恩.png
快船,诺曼-鲍威尔,Norman Powell,24,后卫,193,98,9,C:/Users/13630/Desktop/信息检索课程设计/nba_all_players/快船_诺曼-鲍威尔.png
快船,科怀-莱昂纳德,Kawhi Leonard,2,前锋,201,102,12,C:/Users/13630/Desktop/信息检索课程设计/nba_all_players/快船_科怀-莱昂纳德.png
快船,德鲁-尤班克斯,Drew Eubanks,15,前锋/中锋,208,111,6,C:/Users/13630/Desktop/信息检索课程设计/nba_all_players/快船_德鲁-尤班克斯.png
快船,博格丹-博格达诺维奇,Bogdan Bogdanovi?,10,后卫,196,102,7,C:/Users/13630/Desktop/信息检索课程设计/nba_all_players/快船_博格丹-博格达诺维奇.png
快船,特伦汀-弗劳尔斯,Trentyn Flowers,9,前锋,206,84,-,C:/Users/13630/Desktop/信息检索课程设计/nba_all_players/快船_特伦汀-弗劳尔斯.png
快船,尼古拉斯-巴图姆,Nicolas Batum,33,后卫/前锋,203,104,16,C:/Users/13630/Desktop/信息检索课程设计/nba_all_players/快船_尼古拉斯-巴图姆.png
快船,科比-布朗,Kobe Brown,21,前锋,201,113,1,C:/Users/13630/Desktop/信息检索课程设计/nba_all_players/快船_科比-布朗.png
快船,詹姆斯-哈登,James Harden,1,后卫,196,100,15,C:/Users/13630/Desktop/信息检索课程设计/nba_all_players/快船_詹姆斯-哈登.png
快船,小德里克-琼斯,Derrick Jones Jr.,55,前锋,198,95,8,C:/Users/13630/Desktop/信息检索课程设计/nba_all_players/快船_小德里克-琼斯.png
快船,帕蒂-米尔斯,Patty Mills,88,后卫,188,82,15,C:/Users/13630/Desktop/信息检索课程设计/nba_all_players/快船_帕蒂-米尔斯.png
快船,伊维查-祖巴茨,Ivica Zubac,40,中锋,213,109,8,C:/Users/13630/Desktop/信息检索课程设计/nba_all_players/快船_伊维查-祖巴茨.png
快船,塞思-伦迪,Seth Lundy,5,后卫/前锋,193,100,1,C:/Users/13630/Desktop/信息检索课程设计/nba_all_players/快船_塞思-伦迪.png
快船,阿米尔-科菲,Amir Coffey,7,后卫/前锋,201,95,5,C:/Users/13630/Desktop/信息检索课程设计/nba_all_players/快船_阿米尔-科菲.png
森林狼,小特伦斯-香农,Terrence Shannon Jr.,00,后卫/前锋,198,98,-,C:/Users/13630/Desktop/信息检索课程设计/nba_all_players/森林狼_小特伦斯-香农.png
森林狼,麦克-康利,Mike Conley,10,后卫,183,79,17,C:/Users/13630/Desktop/信息检索课程设计/nba_all_players/森林狼_麦克-康利.png
森林狼,约什-米诺特,Josh Minott,8,前锋,203,93,2,C:/Users/13630/Desktop/信息检索课程设计/nba_all_players/森林狼_约什-米诺特.png
森林狼,伦纳德-米勒,Leonard Miller,33,前锋,208,100,1,C:/Users/13630/Desktop/信息检索课程设计/nba_all_players/森林狼_伦纳德-米勒.png
森林狼,纳肖恩-海兰德,Bones Hyland,77,后卫,188,77,3,C:/Users/13630/Desktop/信息检索课程设计/nba_all_players/森林狼_纳肖恩-海兰德.png
森林狼,朱利叶斯-兰德尔,Julius Randle,30,前锋/中锋,206,113,10,C:/Users/13630/Desktop/信息检索课程设计/nba_all_players/森林狼_朱利叶斯-兰德尔.png
森林狼,杰登-麦克丹尼尔斯,Jaden McDaniels,3,前锋,206,84,4,C:/Users/13630/Desktop/信息检索课程设计/nba_all_players/森林狼_杰登-麦克丹尼尔斯.png
森林狼,杰伦-克拉克,Jaylen Clark,22,后卫,193,93,-,C:/Users/13630/Desktop/信息检索课程设计/nba_all_players/森林狼_杰伦-克拉克.png
森林狼,英格尔斯,Joe Ingles,7,前锋/后卫,203,100,10,C:/Users/13630/Desktop/信息检索课程设计/nba_all_players/森林狼_英格尔斯.png
森林狼,安东尼-爱德华兹,Anthony Edwards,5,后卫,193,102,4,C:/Users/13630/Desktop/信息检索课程设计/nba_all_players/森林狼_安东尼-爱德华兹.png
森林狼,卢卡-加尔扎,Luka Garza,55,中锋,208,110,3,C:/Users/13630/Desktop/信息检索课程设计/nba_all_players/森林狼_卢卡-加尔扎.png
森林狼,丹特-迪文琴佐,Donte DiVincenzo,-,后卫,193,92,6,C:/Users/13630/Desktop/信息检索课程设计/nba_all_players/森林狼_丹特-迪文琴佐.png
森林狼,鲁迪-戈贝尔,Rudy Gobert,27,中锋,216,117,11,C:/Users/13630/Desktop/信息检索课程设计/nba_all_players/森林狼_鲁迪-戈贝尔.png
森林狼,纳兹-里德,Naz Reid,11,中锋/前锋,206,120,5,C:/Users/13630/Desktop/信息检索课程设计/nba_all_players/森林狼_纳兹-里德.png
森林狼,尼基尔-亚历山大-沃克,Nickeil Alexander-Walker,9,后卫,196,93,5,C:/Users/13630/Desktop/信息检索课程设计/nba_all_players/森林狼_尼基尔-亚历山大-沃克.png
森林狼,罗布-迪林汉姆,Rob Dillingham,4,后卫,191,79,-,C:/Users/13630/Desktop/信息检索课程设计/nba_all_players/森林狼_罗布-迪林汉姆.png
森林狼,杰西-爱德华兹,Jesse Edwards,14,中锋,213,107,-,C:/Users/13630/Desktop/信息检索课程设计/nba_all_players/森林狼_杰西-爱德华兹.png
森林狼,特里斯滕-牛顿,Tristen Newton,13,后卫,196,86,-,C:/Users/13630/Desktop/信息检索课程设计/nba_all_players/森林狼_特里斯滕-牛顿.png
勇士,昆腾-波斯特,Quinten Post,21,中锋,213,108,-,C:/Users/13630/Desktop/信息检索课程设计/nba_all_players/勇士_昆腾-波斯特.png
勇士,斯蒂芬-库里,Stephen Curry,30,后卫,188,84,15,C:/Users/13630/Desktop/信息检索课程设计/nba_all_players/勇士_斯蒂芬-库里.png
勇士,德雷蒙德-格林,Draymond Green,23,前锋,198,104,12,C:/Users/13630/Desktop/信息检索课程设计/nba_all_players/勇士_德雷蒙德-格林.png
勇士,特雷斯-杰克逊-戴维斯,Trayce Jackson-Davis,32,前锋,206,111,1,C:/Users/13630/Desktop/信息检索课程设计/nba_all_players/勇士_特雷斯-杰克逊-戴维斯.png
勇士,布拉克斯顿-基,Braxton Key,12,前锋,203,102,3,C:/Users/13630/Desktop/信息检索课程设计/nba_all_players/勇士_布拉克斯顿-基.png
勇士,加里-佩顿二世,Gary Payton II,-,后卫,188,88,8,C:/Users/13630/Desktop/信息检索课程设计/nba_all_players/勇士_加里-佩顿二世.png
勇士,凯文-诺克斯二世,Kevin Knox II,31,前锋,203,98,6,C:/Users/13630/Desktop/信息检索课程设计/nba_all_players/勇士_凯文-诺克斯二世.png
勇士,布兰丁-波杰姆斯基,Brandin Podziemski,2,后卫,193,93,1,C:/Users/13630/Desktop/信息检索课程设计/nba_all_players/勇士_布兰丁-波杰姆斯基.png
勇士,凯文-卢尼,Kevon Looney,5,前锋,206,101,9,C:/Users/13630/Desktop/信息检索课程设计/nba_all_players/勇士_凯文-卢尼.png
勇士,摩西-穆迪,Moses Moody,4,后卫,196,96,3,C:/Users/13630/Desktop/信息检索课程设计/nba_all_players/勇士_摩西-穆迪.png
勇士,杰克逊-罗,Jackson Rowe,44,前锋,201,95,-,C:/Users/13630/Desktop/信息检索课程设计/nba_all_players/勇士_杰克逊-罗.png
勇士,吉米-巴特勒,Jimmy Butler III,10,前锋,201,104,13,C:/Users/13630/Desktop/信息检索课程设计/nba_all_players/勇士_吉米-巴特勒.png
勇士,乔纳森-库明加,Jonathan Kuminga,00,前锋,201,102,3,C:/Users/13630/Desktop/信息检索课程设计/nba_all_players/勇士_乔纳森-库明加.png
勇士,巴迪-希尔德,Buddy Hield,7,后卫,193,100,8,C:/Users/13630/Desktop/信息检索课程设计/nba_all_players/勇士_巴迪-希尔德.png
勇士,帕特-斯宾塞,Pat Spencer,61,后卫,191,93,1,C:/Users/13630/Desktop/信息检索课程设计/nba_all_players/勇士_帕特-斯宾塞.png
灰熊,小文斯-威廉姆斯,Vince Williams Jr.,5,后卫,193,93,2,C:/Users/13630/Desktop/信息检索课程设计/nba_all_players/灰熊_小文斯-威廉姆斯.png
灰熊,马文-巴格利三世,Marvin Bagley III,35,前锋,208,107,6,C:/Users/13630/Desktop/信息检索课程设计/nba_all_players/灰熊_马文-巴格利三世.png
灰熊,约翰-孔查尔,John Konchar,46,后卫,196,95,5,C:/Users/13630/Desktop/信息检索课程设计/nba_all_players/灰熊_约翰-孔查尔.png
灰熊,GG-杰克逊,GG Jackson II,45,前锋,206,95,1,C:/Users/13630/Desktop/信息检索课程设计/nba_all_players/灰熊_GG-杰克逊.png
灰熊,布兰登-克拉克,Brandon Clarke,15,前锋,203,98,5,C:/Users/13630/Desktop/信息检索课程设计/nba_all_players/灰熊_布兰登-克拉克.png
灰熊,桑迪-阿尔达马,Santi Aldama,7,前锋/中锋,213,98,3,C:/Users/13630/Desktop/信息检索课程设计/nba_all_players/灰熊_桑迪-阿尔达马.png
灰熊,河村勇辉,Yuki Kawamura,17,后卫,173,72,-,C:/Users/13630/Desktop/信息检索课程设计/nba_all_players/灰熊_河村勇辉.png
灰熊,卢克-肯纳德,Luke Kennard,10,后卫,196,93,7,C:/Users/13630/Desktop/信息检索课程设计/nba_all_players/灰熊_卢克-肯纳德.png
灰熊,珍恩-普林,Zyon Pullin,2,后卫,193,93,-,C:/Users/13630/Desktop/信息检索课程设计/nba_all_players/灰熊_珍恩-普林.png
灰熊,德斯蒙德-贝恩,Desmond Bane,22,后卫,196,98,4,C:/Users/13630/Desktop/信息检索课程设计/nba_all_players/灰熊_德斯蒙德-贝恩.png
灰熊,小斯科蒂-皮蓬,Scotty Pippen Jr.,1,后卫,185,77,2,C:/Users/13630/Desktop/信息检索课程设计/nba_all_players/灰熊_小斯科蒂-皮蓬.png
灰熊,杰-赫夫,Jay Huff,30,中锋,216,109,3,C:/Users/13630/Desktop/信息检索课程设计/nba_all_players/灰熊_杰-赫夫.png
灰熊,拉马尔・斯蒂文斯,Lamar Stevens,8,前锋,201,104,4,C:/Users/13630/Desktop/信息检索课程设计/nba_all_players/灰熊_拉马尔・斯蒂文斯.png
灰熊,卡姆-斯潘塞,Cam Spencer,24,后卫,193,93,-,C:/Users/13630/Desktop/信息检索课程设计/nba_all_players/灰熊_卡姆-斯潘塞.png
灰熊,贾-莫兰特,Ja Morant,12,后卫,188,79,5,C:/Users/13630/Desktop/信息检索课程设计/nba_all_players/灰熊_贾-莫兰特.png
灰熊,杰伦-威尔斯,Jaylen Wells,-,前锋,203,-,-,C:/Users/13630/Desktop/信息检索课程设计/nba_all_players/灰熊_杰伦-威尔斯.png
灰熊,扎克-伊迪,Zach Edey,14,中锋,224,138,-,C:/Users/13630/Desktop/信息检索课程设计/nba_all_players/灰熊_扎克-伊迪.png
灰熊,小贾伦-杰克逊,Jaren Jackson Jr.,13,前锋/中锋,208,110,6,C:/Users/13630/Desktop/信息检索课程设计/nba_all_players/灰熊_小贾伦-杰克逊.png
国王,梅森-琼斯,Mason Jones,15,后卫,193,91,3,C:/Users/13630/Desktop/信息检索课程设计/nba_all_players/国王_梅森-琼斯.png
国王,德文-卡特,Devin Carter,22,后卫,188,88,-,C:/Users/13630/Desktop/信息检索课程设计/nba_all_players/国王_德文-卡特.png
国王,杰克-拉拉维亚,Jake LaRavia,33,前锋,201,107,2,C:/Users/13630/Desktop/信息检索课程设计/nba_all_players/国王_杰克-拉拉维亚.png
国王,以赛亚-克劳福德,Isaiah Crawford,24,前锋,198,100,-,C:/Users/13630/Desktop/信息检索课程设计/nba_all_players/国王_以赛亚-克劳福德.png
国王,基恩-埃利斯,Keon Ellis,23,后卫,193,79,2,C:/Users/13630/Desktop/信息检索课程设计/nba_all_players/国王_基恩-埃利斯.png
国王,德玛尔-德罗赞,DeMar DeRozan,10,后卫/前锋,198,100,15,C:/Users/13630/Desktop/信息检索课程设计/nba_all_players/国王_德玛尔-德罗赞.png
国王,道格-迈克德莫特,Doug McDermott,7,前锋,198,102,10,C:/Users/13630/Desktop/信息检索课程设计/nba_all_players/国王_道格-迈克德莫特.png
国王,贾伊-克劳德,Jae Crowder,99,前锋,198,107,12,C:/Users/13630/Desktop/信息检索课程设计/nba_all_players/国王_贾伊-克劳德.png
国王,基根-穆雷,Keegan Murray,13,前锋,203,102,2,C:/Users/13630/Desktop/信息检索课程设计/nba_all_players/国王_基根-穆雷.png
国王,特雷-莱尔斯,Trey Lyles,41,前锋,206,106,9,C:/Users/13630/Desktop/信息检索课程设计/nba_all_players/国王_特雷-莱尔斯.png
国王,马克尔-富尔茨,Markelle Fultz,20,后卫,193,95,7,C:/Users/13630/Desktop/信息检索课程设计/nba_all_players/国王_马克尔-富尔茨.png
国王,马利克-蒙克,Malik Monk,-,后卫,191,91,7,C:/Users/13630/Desktop/信息检索课程设计/nba_all_players/国王_马利克-蒙克.png
国王,多曼塔斯-萨博尼斯,Domantas Sabonis,11,前锋/中锋,208,109,8,C:/Users/13630/Desktop/信息检索课程设计/nba_all_players/国王_多曼塔斯-萨博尼斯.png
国王,艾萨克-琼斯,Isaac Jones,3,前锋,206,111,-,C:/Users/13630/Desktop/信息检索课程设计/nba_all_players/国王_艾萨克-琼斯.png
国王,扎克-拉文,Zach LaVine,8,后卫,196,91,10,C:/Users/13630/Desktop/信息检索课程设计/nba_all_players/国王_扎克-拉文.png
国王,尤纳斯-瓦兰丘纳斯,Jonas Valan?iūnas,17,中锋,211,120,12,C:/Users/13630/Desktop/信息检索课程设计/nba_all_players/国王_尤纳斯-瓦兰丘纳斯.png
国王,泰瑞-泰勒,Terry Taylor,54,-,193,104,-,C:/Users/13630/Desktop/信息检索课程设计/nba_all_players/国王_泰瑞-泰勒.png
独行侠,凯里-欧文,Kyrie Irving,11,后卫,188,88,13,C:/Users/13630/Desktop/信息检索课程设计/nba_all_players/独行侠_凯里-欧文.png
独行侠,纳吉-马绍尔,Naji Marshall,13,前锋,198,100,4,C:/Users/13630/Desktop/信息检索课程设计/nba_all_players/独行侠_纳吉-马绍尔.png
独行侠,布兰登-威廉姆斯,Brandon Williams,10,后卫,185,86,2,C:/Users/13630/Desktop/信息检索课程设计/nba_all_players/独行侠_布兰登-威廉姆斯.png
独行侠,杰登-哈迪,Jaden Hardy,1,后卫,191,90,2,C:/Users/13630/Desktop/信息检索课程设计/nba_all_players/独行侠_杰登-哈迪.png
独行侠,德怀特-鲍威尔,Dwight Powell,7,前锋/中锋,208,109,10,C:/Users/13630/Desktop/信息检索课程设计/nba_all_players/独行侠_德怀特-鲍威尔.png
独行侠,PJ-华盛顿,P.J. Washington,25,前锋,198,104,5,C:/Users/13630/Desktop/信息检索课程设计/nba_all_players/独行侠_PJ-华盛顿.png
独行侠,凯斯勒-爱德华兹,Kessler Edwards,20,前锋,201,92,3,C:/Users/13630/Desktop/信息检索课程设计/nba_all_players/独行侠_凯斯勒-爱德华兹.png
独行侠,凯-琼斯,Kai Jones,23,中锋/前锋,211,100,2,C:/Users/13630/Desktop/信息检索课程设计/nba_all_players/独行侠_凯-琼斯.png
独行侠,马克斯-克里斯蒂,Max Christie,00,后卫,196,86,2,C:/Users/13630/Desktop/信息检索课程设计/nba_all_players/独行侠_马克斯-克里斯蒂.png
独行侠,丹尼尔-加福德,Daniel Gafford,21,前锋/中锋,208,120,5,C:/Users/13630/Desktop/信息检索课程设计/nba_all_players/独行侠_丹尼尔-加福德.png
独行侠,斯宾瑟-丁威迪,Spencer Dinwiddie,26,后卫,196,98,10,C:/Users/13630/Desktop/信息检索课程设计/nba_all_players/独行侠_斯宾瑟-丁威迪.png
独行侠,安东尼-戴维斯,Anthony Davis,3,前锋/中锋,208,115,12,C:/Users/13630/Desktop/信息检索课程设计/nba_all_players/独行侠_安东尼-戴维斯.png
独行侠,丹特-埃克萨姆,Danté Exum,-,后卫,196,97,7,C:/Users/13630/Desktop/信息检索课程设计/nba_all_players/独行侠_丹特-埃克萨姆.png
独行侠,凯莱布-马丁,Caleb Martin,16,前锋,196,93,5,C:/Users/13630/Desktop/信息检索课程设计/nba_all_players/独行侠_凯莱布-马丁.png
独行侠,克莱-汤普森,Klay Thompson,31,后卫,196,100,11,C:/Users/13630/Desktop/信息检索课程设计/nba_all_players/独行侠_克莱-汤普森.png
独行侠,奥利维耶-马克桑斯-普罗斯珀,Olivier-Maxence Prosper,8,前锋,201,104,1,C:/Users/13630/Desktop/信息检索课程设计/nba_all_players/独行侠_奥利维耶-马克桑斯-普罗斯珀.png
独行侠,德雷克-莱夫利二世,Dereck Lively II,2,中锋,216,104,1,C:/Users/13630/Desktop/信息检索课程设计/nba_all_players/独行侠_德雷克-莱夫利二世.png
太阳,瓦西里耶-米西奇,Vasilije Mici?,18,后卫,191,85,1,C:/Users/13630/Desktop/信息检索课程设计/nba_all_players/太阳_瓦西里耶-米西奇.png
太阳,布拉德利-比尔,Bradley Beal,3,后卫,193,94,12,C:/Users/13630/Desktop/信息检索课程设计/nba_all_players/太阳_布拉德利-比尔.png
太阳,泰鲁斯-琼斯,Tyus Jones,21,后卫,185,89,9,C:/Users/13630/Desktop/信息检索课程设计/nba_all_players/太阳_泰鲁斯-琼斯.png
太阳,梅森-普拉姆利,Mason Plumlee,22,前锋/中锋,208,115,11,C:/Users/13630/Desktop/信息检索课程设计/nba_all_players/太阳_梅森-普拉姆利.png
太阳,格雷森-阿伦,Grayson Allen,8,后卫,193,90,6,C:/Users/13630/Desktop/信息检索课程设计/nba_all_players/太阳_格雷森-阿伦.png
太阳,科林-吉莱斯皮,Collin Gillespie,12,后卫,185,88,1,C:/Users/13630/Desktop/信息检索课程设计/nba_all_players/太阳_科林-吉莱斯皮.png
太阳,科迪-马丁,Cody Martin,17,前锋,198,93,5,C:/Users/13630/Desktop/信息检索课程设计/nba_all_players/太阳_科迪-马丁.png
太阳,泰泰-华盛顿,TyTy Washington Jr.,14,后卫,191,88,2,C:/Users/13630/Desktop/信息检索课程设计/nba_all_players/太阳_泰泰-华盛顿.png
太阳,达米安-李,Damion Lee,10,后卫/前锋,198,95,6,C:/Users/13630/Desktop/信息检索课程设计/nba_all_players/太阳_达米安-李.png
太阳,杰伦-布里奇斯,Jalen Bridges,15,前锋,203,102,-,C:/Users/13630/Desktop/信息检索课程设计/nba_all_players/太阳_杰伦-布里奇斯.png
太阳,凯文-杜兰特,Kevin Durant,35,前锋,211,109,16,C:/Users/13630/Desktop/信息检索课程设计/nba_all_players/太阳_凯文-杜兰特.png
太阳,德文-布克,Devin Booker,1,后卫,198,93,9,C:/Users/13630/Desktop/信息检索课程设计/nba_all_players/太阳_德文-布克.png
太阳,尼克・理查兹,Nick Richards,2,中锋,213,111,4,C:/Users/13630/Desktop/信息检索课程设计/nba_all_players/太阳_尼克・理查兹.png
太阳,波尔・波尔,Bol Bol,11,中锋/前锋,221,100,5,C:/Users/13630/Desktop/信息检索课程设计/nba_all_players/太阳_波尔・波尔.png
太阳,蒙特-莫里斯,Monté Morris,23,后卫,188,83,7,C:/Users/13630/Desktop/信息检索课程设计/nba_all_players/太阳_蒙特-莫里斯.png
太阳,奥索-伊戈达罗,Oso Ighodaro,4,前锋,213,107,-,C:/Users/13630/Desktop/信息检索课程设计/nba_all_players/太阳_奥索-伊戈达罗.png
太阳,瑞恩-邓恩,Ryan Dunn,-,前锋,203,98,-,C:/Users/13630/Desktop/信息检索课程设计/nba_all_players/太阳_瑞恩-邓恩.png
太阳,罗伊斯 奥尼尔,Royce O'Neale,00,前锋,198,102,7,C:/Users/13630/Desktop/信息检索课程设计/nba_all_players/太阳_罗伊斯 奥尼尔.png
开拓者,德安德烈-艾顿,Deandre Ayton,2,中锋,213,114,6,C:/Users/13630/Desktop/信息检索课程设计/nba_all_players/开拓者_德安德烈-艾顿.png
开拓者,杰拉米-格兰特,Jerami Grant,9,前锋,201,95,10,C:/Users/13630/Desktop/信息检索课程设计/nba_all_players/开拓者_杰拉米-格兰特.png
开拓者,图马尼-卡马拉,Toumani Camara,33,前锋,201,104,1,C:/Users/13630/Desktop/信息检索课程设计/nba_all_players/开拓者_图马尼-卡马拉.png
开拓者,布莱斯-麦克格温斯,Bryce McGowens,11,后卫,198,86,2,C:/Users/13630/Desktop/信息检索课程设计/nba_all_players/开拓者_布莱斯-麦克格温斯.png
开拓者,斯库特-亨德森,Scoot Henderson,00,后卫,191,93,1,C:/Users/13630/Desktop/信息检索课程设计/nba_all_players/开拓者_斯库特-亨德森.png
开拓者,贾巴里-沃克,Jabari Walker,34,前锋,201,107,2,C:/Users/13630/Desktop/信息检索课程设计/nba_all_players/开拓者_贾巴里-沃克.png
开拓者,克里斯-穆雷,Kris Murray,24,前锋,203,98,1,C:/Users/13630/Desktop/信息检索课程设计/nba_all_players/开拓者_克里斯-穆雷.png
开拓者,达拉诺-班顿,Dalano Banton,5,前锋,203,92,3,C:/Users/13630/Desktop/信息检索课程设计/nba_all_players/开拓者_达拉诺-班顿.png
开拓者,贾斯丁-米纳亚,Justin Minaya,10,前锋,196,93,2,C:/Users/13630/Desktop/信息检索课程设计/nba_all_players/开拓者_贾斯丁-米纳亚.png
开拓者,罗伯特-威廉姆斯三世,Robert Williams III,35,中锋/前锋,206,113,6,C:/Users/13630/Desktop/信息检索课程设计/nba_all_players/开拓者_罗伯特-威廉姆斯三世.png
开拓者,赛迪-西索科,Sidy Cissoko,25,后卫,198,91,1,C:/Users/13630/Desktop/信息检索课程设计/nba_all_players/开拓者_赛迪-西索科.png
开拓者,德尼・阿弗迪亚,Deni Avdija,8,前锋,206,109,4,C:/Users/13630/Desktop/信息检索课程设计/nba_all_players/开拓者_德尼・阿弗迪亚.png
开拓者,马提斯-赛布尔,Matisse Thybulle,4,后卫/前锋,196,91,5,C:/Users/13630/Desktop/信息检索课程设计/nba_all_players/开拓者_马提斯-赛布尔.png
开拓者,杜普-瑞斯,Duop Reath,26,中锋,206,111,1,C:/Users/13630/Desktop/信息检索课程设计/nba_all_players/开拓者_杜普-瑞斯.png
开拓者,拉扬-吕佩尔,Rayan Rupert,21,后卫/前锋,198,88,1,C:/Users/13630/Desktop/信息检索课程设计/nba_all_players/开拓者_拉扬-吕佩尔.png
开拓者,安芬尼-西蒙斯,Anfernee Simons,1,后卫,191,91,6,C:/Users/13630/Desktop/信息检索课程设计/nba_all_players/开拓者_安芬尼-西蒙斯.png
开拓者,谢登-夏普,Shaedon Sharpe,17,后卫,196,94,2,C:/Users/13630/Desktop/信息检索课程设计/nba_all_players/开拓者_谢登-夏普.png
马刺,朱利安-尚帕尼,Julian Champagnie,30,前锋,201,98,2,C:/Users/13630/Desktop/信息检索课程设计/nba_all_players/马刺_朱利安-尚帕尼.png
马刺,克里斯-保罗,Chris Paul,3,后卫,183,79,19,C:/Users/13630/Desktop/信息检索课程设计/nba_all_players/马刺_克里斯-保罗.png
马刺,大卫-杜克,David Duke Jr.,7,后卫,193,93,3,C:/Users/13630/Desktop/信息检索课程设计/nba_all_players/马刺_大卫-杜克.png
马刺,俾斯麦-比永博,Bismack Biyombo,15,中锋,203,116,13,C:/Users/13630/Desktop/信息检索课程设计/nba_all_players/马刺_俾斯麦-比永博.png
马刺,哈里森-巴恩斯,Harrison Barnes,40,前锋,203,102,12,C:/Users/13630/Desktop/信息检索课程设计/nba_all_players/马刺_哈里森-巴恩斯.png
马刺,查尔斯-巴锡,Charles Bassey,28,中锋/前锋,208,104,3,C:/Users/13630/Desktop/信息检索课程设计/nba_all_players/马刺_查尔斯-巴锡.png
马刺,乔丹-麦克劳克林,Jordan McLaughlin,11,后卫,183,84,5,C:/Users/13630/Desktop/信息检索课程设计/nba_all_players/马刺_乔丹-麦克劳克林.png
马刺,德文-瓦塞尔,Devin Vassell,24,后卫/前锋,196,91,4,C:/Users/13630/Desktop/信息检索课程设计/nba_all_players/马刺_德文-瓦塞尔.png
马刺,桑德罗-马穆凯拉什维利,Sandro Mamukelashvili,54,前锋/中锋,206,109,3,C:/Users/13630/Desktop/信息检索课程设计/nba_all_players/马刺_桑德罗-马穆凯拉什维利.png
马刺,斯蒂芬-卡斯尔,Stephon Castle,5,后卫,198,98,-,C:/Users/13630/Desktop/信息检索课程设计/nba_all_players/马刺_斯蒂芬-卡斯尔.png
马刺,克尔登・约翰逊,Keldon Johnson,-,前锋/后卫,196,100,5,C:/Users/13630/Desktop/信息检索课程设计/nba_all_players/马刺_克尔登・约翰逊.png
马刺,布雷克-韦斯利,Blake Wesley,14,后卫,191,84,2,C:/Users/13630/Desktop/信息检索课程设计/nba_all_players/马刺_布雷克-韦斯利.png
马刺,杰里米-索汉,Jeremy Sochan,10,前锋,203,104,2,C:/Users/13630/Desktop/信息检索课程设计/nba_all_players/马刺_杰里米-索汉.png
马刺,赖利-米尼克斯,Riley Minix,27,前锋,201,104,-,C:/Users/13630/Desktop/信息检索课程设计/nba_all_players/马刺_赖利-米尼克斯.png
马刺,哈里森-英格拉姆,Harrison Ingram,55,前锋,196,104,-,C:/Users/13630/Desktop/信息检索课程设计/nba_all_players/马刺_哈里森-英格拉姆.png
马刺,德阿龙-福克斯,De'Aaron Fox,4,后卫,191,84,7,C:/Users/13630/Desktop/信息检索课程设计/nba_all_players/马刺_德阿龙-福克斯.png
马刺,维克托-文班亚马,Victor Wembanyama,1,前锋/中锋,221,107,1,C:/Users/13630/Desktop/信息检索课程设计/nba_all_players/马刺_维克托-文班亚马.png
马刺,马拉基-布兰纳姆,Malaki Branham,22,前锋,193,82,2,C:/Users/13630/Desktop/信息检索课程设计/nba_all_players/马刺_马拉基-布兰纳姆.png
鹈鹕,小基恩-布鲁克斯,Keion Brooks Jr.,-,前锋,201,95,-,C:/Users/13630/Desktop/信息检索课程设计/nba_all_players/鹈鹕_小基恩-布鲁克斯.png
鹈鹕,贾马尔-凯恩,Jamal Cain,8,前锋,198,87,2,C:/Users/13630/Desktop/信息检索课程设计/nba_all_players/鹈鹕_贾马尔-凯恩.png
鹈鹕,杰里米亚-罗宾逊-厄尔,Jeremiah Robinson-Earl,50,前锋,203,109,3,C:/Users/13630/Desktop/信息检索课程设计/nba_all_players/鹈鹕_杰里米亚-罗宾逊-厄尔.png
鹈鹕,伊夫-米西,Yves Missi,21,中锋,211,107,-,C:/Users/13630/Desktop/信息检索课程设计/nba_all_players/鹈鹕_伊夫-米西.png
鹈鹕,布鲁斯-布朗,Bruce Brown,00,后卫/前锋,193,92,6,C:/Users/13630/Desktop/信息检索课程设计/nba_all_players/鹈鹕_布鲁斯-布朗.png
鹈鹕,特雷-墨菲,Trey Murphy III,25,前锋,203,93,3,C:/Users/13630/Desktop/信息检索课程设计/nba_all_players/鹈鹕_特雷-墨菲.png
鹈鹕,莱斯特-奎诺内斯,Lester Quinones,22,后卫,193,94,2,C:/Users/13630/Desktop/信息检索课程设计/nba_all_players/鹈鹕_莱斯特-奎诺内斯.png
鹈鹕,凯利-奥利尼克,Kelly Olynyk,13,前锋/中锋,211,109,11,C:/Users/13630/Desktop/信息检索课程设计/nba_all_players/鹈鹕_凯利-奥利尼克.png
鹈鹕,德章泰-穆雷,Dejounte Murray,5,后卫,193,82,7,C:/Users/13630/Desktop/信息检索课程设计/nba_all_players/鹈鹕_德章泰-穆雷.png
鹈鹕,C.J.麦科勒姆,CJ McCollum,3,后卫,191,86,11,C:/Users/13630/Desktop/信息检索课程设计/nba_all_players/鹈鹕_C.J.麦科勒姆.png
鹈鹕,乔丹-霍金斯,Jordan Hawkins,24,后卫,196,86,1,C:/Users/13630/Desktop/信息检索课程设计/nba_all_players/鹈鹕_乔丹-霍金斯.png
鹈鹕,何塞-阿尔瓦拉多,Jose Alvarado,15,后卫,183,81,3,C:/Users/13630/Desktop/信息检索课程设计/nba_all_players/鹈鹕_何塞-阿尔瓦拉多.png
鹈鹕,锡安-威廉姆森,Zion Williamson,1,前锋,198,129,4,C:/Users/13630/Desktop/信息检索课程设计/nba_all_players/鹈鹕_锡安-威廉姆森.png
鹈鹕,赫伯特-琼斯,Herbert Jones,2,前锋,201,93,3,C:/Users/13630/Desktop/信息检索课程设计/nba_all_players/鹈鹕_赫伯特-琼斯.png
鹈鹕,埃尔弗里德-佩顿,Elfrid Payton,4,后卫,191,88,8,C:/Users/13630/Desktop/信息检索课程设计/nba_all_players/鹈鹕_埃尔弗里德-佩顿.png
鹈鹕,布兰登-波士顿,Brandon Boston,11,后卫,198,85,3,C:/Users/13630/Desktop/信息检索课程设计/nba_all_players/鹈鹕_布兰登-波士顿.png
鹈鹕,安东尼奥-里夫斯,Antonio Reeves,12,后卫,196,93,-,C:/Users/13630/Desktop/信息检索课程设计/nba_all_players/鹈鹕_安东尼奥-里夫斯.png
爵士,劳里-马尔卡宁,Lauri Markkanen,23,前锋/中锋,213,109,7,C:/Users/13630/Desktop/信息检索课程设计/nba_all_players/爵士_劳里-马尔卡宁.png
爵士,布莱斯-森萨博,Brice Sensabaugh,28,前锋,196,107,1,C:/Users/13630/Desktop/信息检索课程设计/nba_all_players/爵士_布莱斯-森萨博.png
爵士,凯尔-菲利波夫斯基,Kyle Filipowski,22,中锋,211,113,-,C:/Users/13630/Desktop/信息检索课程设计/nba_all_players/爵士_凯尔-菲利波夫斯基.png
爵士,基扬特-乔治,Keyonte George,3,后卫,193,84,1,C:/Users/13630/Desktop/信息检索课程设计/nba_all_players/爵士_基扬特-乔治.png
爵士,泰勒-亨德里克斯,Taylor Hendricks,-,前锋,206,98,1,C:/Users/13630/Desktop/信息检索课程设计/nba_all_players/爵士_泰勒-亨德里克斯.png
爵士,迈卡-波特,Micah Potter,25,中锋,206,112,3,C:/Users/13630/Desktop/信息检索课程设计/nba_all_players/爵士_迈卡-波特.png
爵士,约翰尼-朱赞,Johnny Juzang,33,后卫,196,102,2,C:/Users/13630/Desktop/信息检索课程设计/nba_all_players/爵士_约翰尼-朱赞.png
爵士,斯维亚托斯拉夫-米凯卢克,Svi Mykhailiuk,19,后卫/前锋,201,93,6,C:/Users/13630/Desktop/信息检索课程设计/nba_all_players/爵士_斯维亚托斯拉夫-米凯卢克.png
爵士,杰登-斯普林格,Jaden Springer,11,后卫,193,92,3,C:/Users/13630/Desktop/信息检索课程设计/nba_all_players/爵士_杰登-斯普林格.png
爵士,奥斯卡-希布韦,Oscar Tshiebwe,34,前锋/中锋,203,116,1,C:/Users/13630/Desktop/信息检索课程设计/nba_all_players/爵士_奥斯卡-希布韦.png
爵士,约翰-科林斯,John Collins,20,前锋/中锋,206,102,7,C:/Users/13630/Desktop/信息检索课程设计/nba_all_players/爵士_约翰-科林斯.png
爵士,科林-塞克斯顿,Collin Sexton,2,后卫,191,86,6,C:/Users/13630/Desktop/信息检索课程设计/nba_all_players/爵士_科林-塞克斯顿.png
爵士,小肯扬-马丁,KJ Martin,99,前锋,198,98,4,C:/Users/13630/Desktop/信息检索课程设计/nba_all_players/爵士_小肯扬-马丁.png
爵士,科迪-威廉姆斯,Cody Williams,5,前锋,201,86,-,C:/Users/13630/Desktop/信息检索课程设计/nba_all_players/爵士_科迪-威廉姆斯.png
爵士,沃克-凯斯勒,Walker Kessler,24,中锋,213,111,2,C:/Users/13630/Desktop/信息检索课程设计/nba_all_players/爵士_沃克-凯斯勒.png
爵士,以利亚-哈克雷斯,Elijah Harkless,16,后卫,191,88,-,C:/Users/13630/Desktop/信息检索课程设计/nba_all_players/爵士_以利亚-哈克雷斯.png
爵士,乔丹-克拉克森,Jordan Clarkson,00,后卫,191,88,10,C:/Users/13630/Desktop/信息检索课程设计/nba_all_players/爵士_乔丹-克拉克森.png
爵士,以赛亚-科利尔,Isaiah Collier,13,后卫,191,95,-,C:/Users/13630/Desktop/信息检索课程设计/nba_all_players/爵士_以赛亚-科利尔.png
